NAME,APPS,MINS,ATT_GOALS,ATT_XG,ATT_GOALS VS XG,ATT_SHOTS,ATT_SOT,ATT_CONV %,ATT_XG PER SHOT,CAR_TOTAL (ALL CARRIES),CAR_DISTANCE (M) (ALL CARRIES),CAR_AVG (M) (ALL CARRIES),CAR_TOTAL (PROGRESSIVE),CAR_DISTANCE (M) (PROGRESSIVE),CAR_AVG (M) (PROGRESSIVE),CAR_ENDED WITH SHOT,CAR_ENDED WITH GOAL,CAR_ENDED WITH CHANCE,CAR_ENDED WITH ASSIST,DEF_TACKLES,DEF_INTS,DEF_POS WON,DEF_BLOCKS,DEF_CLEARANCES,DEF_TOTAL (GROUND DUELS),DEF_WON (GROUND DUELS),DEF_% (GROUND DUELS),DEF_TOTAL (AERIAL DUELS),DEF_WON (AERIAL DUELS),DEF_% (AERIAL DUELS),PAS_TOTAL (OPEN PLAY PASSES),PAS_SUCCESSFUL (OPEN PLAY PASSES),PAS_% (OPEN PLAY PASSES),PAS_TOTAL (FINAL THIRD PASSES),PAS_SUCCESSFUL (FINAL THIRD PASSES),PAS_% (FINAL THIRD PASSES),PAS_TOTAL (CROSSES),PAS_SUCCESSFUL (CROSSES),PAS_% (CROSSES),PAS_THROUGH BALLS,Age,Market Value (m/€),LEAGUE_Bundesliga,LEAGUE_La Liga,LEAGUE_Ligue 1,LEAGUE_Multi-league,LEAGUE_Premier League,LEAGUE_Serie A
Erling Haaland,0.6410256410256411,0.8445807770961146,0.6029411764705882,0.7623762376237624,0.5714285714285714,0.7584158415841584,0.7114624505928855,0.642964296429643,0.6060606060606061,0.0277264325323475,0.03847258110824003,0.5606060606060608,0.04851157662624036,0.09999999999999999,0.08695652173913043,0.36893203883495146,0.5454545454545454,0.09999999999999999,0.0,0.08800000000000001,0.053571428571428575,0.06781914893617022,0.023622047244094488,0.13837837837837838,0.12473721093202525,0.10485933503836316,0.4971857410881801,0.2589217919514047,0.36333878887070375,0.619,0.025046554934823086,0.008597948216902783,0.18783068783068768,0.06101281269066504,0.04818410643653361,0.3886925795053004,0.014563106796116505,0.01875,0.33299999999999996,0.1232876712328767,0.37037037037037035,220.0,False,False,False,False,True,False
Lamine Yamal,0.46153846153846156,0.6094069529652352,0.463235294117647,0.504950495049505,0.6857142857142857,0.9188118811881187,0.5810276679841898,0.41044104410441046,0.3333333333333333,0.7301293900184842,0.7628481194372667,0.46969696969696967,0.7546857772877618,0.6644628099173553,0.13043478260869568,0.9611650485436893,0.8484848484848485,0.7944444444444444,0.5128205128205129,0.33599999999999997,0.14285714285714288,0.42420212765957455,0.0,0.012972972972972972,1.0,1.0,0.6378986866791745,0.0015186028853454835,0.0,0.0,0.4147113594040968,0.3577918905715681,0.5978835978835978,0.8071995118974985,0.7428982380438689,0.6978798586572439,0.4110032362459547,0.44375,0.281,0.5958904109589042,0.1111111111111111,220.0,False,True,False,False,False,False
Kylian Mbappé,0.5384615384615384,0.7239263803680982,0.6323529411764706,0.8217821782178217,0.5571428571428572,1.0,0.8616600790513835,0.5136513651365137,0.48484848484848486,0.34750462107208874,0.4289405684754522,0.6969696969696969,0.3439911797133407,0.42768595041322316,0.1739130434782609,0.6359223300970874,0.5151515151515151,0.3833333333333333,0.07692307692307691,0.002666666666666669,0.025000000000000005,0.10372340425531916,0.0,0.0,0.46110721793973364,0.4053708439897698,0.5253283302063789,0.012908124525436597,0.0392798690671031,0.7,0.23743016759776536,0.22510991695163654,0.7407407407407408,0.5292861500915192,0.5573534699748293,0.8374558303886928,0.14563106796116507,0.13124999999999998,0.231,0.1643835616438356,0.4444444444444444,200.0,False,True,False,False,False,False
Michael Olise,0.5641025641025641,0.6261077027948193,0.42647058823529405,0.44554455445544555,0.7000000000000001,0.7762376237623763,0.766798418972332,0.44554455445544555,0.3333333333333333,0.6947011706715959,0.7723227103072065,0.5606060606060608,0.649393605292172,0.49793388429752067,0.13043478260869568,0.8883495145631068,0.9393939393939393,0.6666666666666666,1.0,0.21333333333333335,0.17857142857142858,0.4175531914893617,0.031496062992125984,0.03783783783783783,0.7035739313244569,0.6138107416879794,0.5215759849906192,0.048595292331055424,0.05073649754500818,0.381,0.4794227188081936,0.4307767464582316,0.6772486772486771,0.9975594874923734,0.9769866954332973,0.7862190812720848,0.4207119741100324,0.38749999999999996,0.239,0.5821917808219178,0.3333333333333333,170.0,True,False,False,False,False,False
Jude Bellingham,0.46153846153846156,0.4897750511247444,0.2058823529411765,0.33663366336633666,0.41428571428571426,0.4732673267326733,0.4822134387351779,0.35283528352835286,0.42424242424242425,0.4433148490449784,0.4430089003732415,0.3939393939393939,0.3169790518191841,0.2962809917355372,0.1739130434782609,0.2961165048543689,0.2727272727272727,0.2111111111111111,0.23076923076923075,0.6026666666666667,0.23571428571428574,0.5571808510638298,0.07086614173228346,0.09189189189189188,0.6720392431674842,0.7365728900255754,0.7110694183864917,0.20349278663629458,0.26841243862520453,0.574,0.43081936685288635,0.41533952125061063,0.8121693121693123,0.5286760219646125,0.5472851492268967,0.8162544169611309,0.12135922330097088,0.11875,0.25,0.13013698630136986,0.25925925925925924,160.0,False,True,False,False,False,False
Pedri,0.48717948717948717,0.55453306066803,0.06617647058823528,0.06930693069306931,0.5285714285714286,0.17821782178217824,0.1699604743083004,0.28562856285628563,0.21212121212121213,0.8280961182994454,0.8222796439850704,0.3939393939393939,0.7078280044101433,0.6033057851239669,0.13043478260869568,0.1650485436893204,0.2727272727272727,0.45,0.7692307692307692,0.536,0.3678571428571429,0.8271276595744681,0.07086614173228346,0.10594594594594595,0.5178696566222845,0.5997442455242966,0.75046904315197,0.02505694760820046,0.07037643207855973,0.833,0.7336126629422719,0.7191011235955056,0.8756613756613756,0.8944478340451494,0.9507371449119021,0.8922261484098941,0.09061488673139159,0.13124999999999998,0.385,0.6164383561643836,0.2962962962962963,150.0,False,True,False,False,False,False
Khvicha Kvaratskhelia,0.46153846153846156,0.34185412406271304,0.36029411764705876,0.4752475247524752,0.5142857142857143,0.7801980198019802,0.6956521739130436,0.3693369336933694,0.3636363636363636,0.5865680837954405,0.6637955785242606,0.5909090909090909,0.5435501653803748,0.4272727272727273,0.2173913043478261,0.616504854368932,0.3636363636363636,0.4388888888888889,0.15384615384615383,0.3546666666666667,0.23928571428571432,0.3457446808510638,0.14173228346456693,0.025945945945945945,0.6194814295725298,0.6125319693094629,0.6191369606003753,0.0926347760060744,0.06873977086743044,0.304,0.42029795158286776,0.3985344406448461,0.777777777777778,0.6067724222086638,0.6227975548363898,0.8162544169611309,0.29449838187702265,0.26249999999999996,0.233,0.2876712328767123,0.3333333333333333,140.0,False,False,True,False,False,False
João Neves,0.28205128205128205,0.27505112474437626,0.25735294117647056,0.19801980198019803,0.7142857142857143,0.37425742574257426,0.16600790513833993,0.5556555655565557,0.30303030303030304,0.3857054836722119,0.39420040195233996,0.42424242424242437,0.28721058434399116,0.2723140495867769,0.2608695652173913,0.03398058252427185,0.0,0.11666666666666665,0.0,0.46933333333333327,0.17500000000000002,0.598404255319149,0.2755905511811023,0.04540540540540541,0.2740014015416959,0.3043478260869565,0.6791744840525329,0.10858010630220198,0.16039279869067102,0.609,0.5928305400372439,0.5827063996091842,0.8703703703703706,0.5048810250152532,0.5267889248471772,0.8215547703180213,0.045307443365695796,0.08750000000000001,0.5,0.14383561643835616,0.2222222222222222,140.0,False,False,True,False,False,False
Vitinha,0.48717948717948717,0.5593047034764826,0.029411764705882353,0.039603960396039604,0.5,0.2851485148514851,0.16600790513833993,0.08820882088208822,0.0909090909090909,1.0,1.0,0.3939393939393939,0.8313120176405734,0.6925619834710743,0.13043478260869568,0.2669902912621359,0.0,0.26111111111111107,0.20512820512820512,0.23733333333333334,0.4107142857142857,0.6742021276595744,0.1653543307086614,0.10054054054054054,0.15416958654519974,0.1982097186700767,0.7392120075046906,0.009111617312072893,0.027823240589198037,0.5710000000000001,1.0,1.0,0.9338624338624338,0.8422818791946308,0.8906868033081625,0.8798586572438163,0.04854368932038835,0.049999999999999996,0.28600000000000003,0.4931506849315068,0.37037037037037035,140.0,False,False,True,False,False,False
Bukayo Saka,0.5384615384615384,0.5947511929107021,0.2058823529411765,0.3069306930693069,0.4714285714285714,0.5683168316831684,0.43083003952569177,0.2958295829582958,0.3333333333333333,0.4081947011706716,0.46224519092736144,0.5757575757575759,0.38257993384785,0.36115702479338846,0.13043478260869568,0.587378640776699,0.3636363636363636,0.5833333333333334,0.41025641025641024,0.408,0.23214285714285718,0.5305851063829787,0.031496062992125984,0.04756756756756757,0.641906096706377,0.6342710997442454,0.6172607879924954,0.1457858769931663,0.14566284779050737,0.423,0.2074487895716946,0.16805080605764533,0.48148148148148157,0.44722391702257475,0.42682488313556266,0.7031802120141343,0.43851132686084143,0.53125,0.313,0.0821917808219178,0.3333333333333333,120.0,False,False,False,False,True,False
Désiré Doué,0.3333333333333333,0.2985685071574642,0.338235294117647,0.5247524752475248,0.41428571428571426,0.7227722772277227,0.49802371541501983,0.381938193819382,0.42424242424242425,0.6007393715341959,0.6270456503014642,0.4545454545454546,0.5209481808158766,0.359504132231405,0.1739130434782609,0.674757281553398,1.0,0.47777777777777775,0.1794871794871795,0.5306666666666667,0.28571428571428575,0.47473404255319146,0.10236220472440945,0.03567567567567568,0.7652417659425369,0.6649616368286445,0.5178236397748592,0.016704631738800307,0.011456628477905075,0.16699999999999998,0.4409683426443203,0.4063507572056669,0.7248677248677251,0.6699206833435022,0.6350233728874504,0.7226148409893994,0.47249190938511326,0.37499999999999994,0.204,0.18493150684931509,0.18518518518518517,120.0,False,False,True,False,False,False
Jamal Musiala,0.1282051282051282,0.0678254942058623,0.29411764705882354,0.6336633663366337,0.15714285714285714,0.7881188118811882,0.47035573122529645,0.3000300030003,0.48484848484848486,0.3915588416512631,0.36749928222796435,0.3181818181818181,0.34509371554575524,0.2958677685950414,0.5217391304347826,0.5776699029126213,0.0,0.15,0.6923076923076923,0.3546666666666667,0.09642857142857145,0.3949468085106383,0.0,0.014054054054054054,0.8381219341275403,0.7314578005115089,0.5215759849906192,0.0068337129840546715,0.044189852700491,1.0,0.2766294227188082,0.25481191988275526,0.6984126984126986,0.5109823062843197,0.5030564545127651,0.7491166077738518,0.08576051779935276,0.0,0.0,0.18493150684931509,0.25925925925925924,120.0,True,False,False,False,False,False
Declan Rice,0.6666666666666666,0.8926380368098159,0.08823529411764705,0.0891089108910891,0.5285714285714286,0.22970297029702968,0.15019762845849804,0.3000300030003,0.24242424242424243,0.46796056685150955,0.5311513063451048,0.5909090909090909,0.44652701212789414,0.43388429752066116,0.08695652173913043,0.11165048543689321,0.0,0.12777777777777777,0.0,0.5066666666666666,0.3821428571428572,0.5970744680851064,0.2755905511811023,0.2454054054054054,0.2025227750525578,0.23657289002557538,0.6960600375234521,0.14958238420653,0.23731587561374792,0.6759999999999999,0.49385474860335193,0.4628236443575965,0.7619047619047619,0.4829164124466137,0.488673139158576,0.7791519434628975,0.22006472491909387,0.27499999999999997,0.319,0.23972602739726026,0.4074074074074074,120.0,False,False,False,False,True,False
Cole Palmer,0.41025641025641024,0.5061349693251533,0.338235294117647,0.4752475247524752,0.45714285714285713,0.5801980198019803,0.45454545454545453,0.46864686468646866,0.5151515151515151,0.3555144793592114,0.4289405684754522,0.6666666666666667,0.3781697905181918,0.39504132231404965,0.1739130434782609,0.3786407766990291,0.15151515151515152,0.2777777777777778,0.0,0.272,0.2464285714285714,0.40691489361702127,0.0,0.05945945945945946,0.45970567624386827,0.37595907928388744,0.476547842401501,0.0,0.0,0.0,0.2660148975791434,0.24826575476306795,0.7195767195767198,0.4136668700427089,0.4282632146709816,0.7915194346289753,0.2524271844660194,0.14375,0.147,0.21917808219178084,0.037037037037037035,110.0,False,False,False,False,True,False
Elliot Anderson,0.717948717948718,0.972733469665985,0.08088235294117646,0.07920792079207921,0.5428571428571429,0.23564356435643563,0.10671936758893281,0.27272727272727276,0.21212121212121213,0.43961799137399876,0.409130060292851,0.30303030303030304,0.3632855567805954,0.28677685950413223,0.04347826086956522,0.10679611650485436,0.15151515151515152,0.10555555555555556,0.0,0.7146666666666667,0.39642857142857146,1.0,0.31496062992125984,0.14270270270270272,0.6762438682550805,0.6815856777493606,0.6360225140712947,0.21564160971905846,0.29132569558101473,0.589,0.5152700186219739,0.4711284807034685,0.7142857142857143,0.5042708968883466,0.49586479683567064,0.7473498233215548,0.3236245954692557,0.40625,0.324,0.1643835616438356,0.0,110.0,False,False,False,False,True,False
Florian Wirtz,0.5897435897435898,0.6503067484662577,0.13970588235294118,0.25742574257425743,0.3857142857142857,0.3801980198019802,0.2687747035573123,0.29402940294029406,0.42424242424242425,0.32070240295748614,0.32127476313522824,0.4090909090909093,0.23704520396912904,0.2066115702479339,0.08695652173913043,0.21844660194174756,0.12121212121212122,0.4388888888888889,0.10256410256410256,0.30666666666666664,0.14642857142857144,0.4773936170212766,0.06299212598425197,0.05297297297297297,0.39383321653819203,0.3273657289002557,0.4878048780487804,0.12072892938496584,0.0425531914893617,0.149,0.4149906890130354,0.37586712261846605,0.6878306878306879,0.7275777913361806,0.7238403451995685,0.7879858657243816,0.11003236245954694,0.0,0.0,0.3082191780821918,0.2222222222222222,100.0,False,False,False,False,True,False
Pau Cubarsí,0.5384615384615384,0.7593728698023177,0.022058823529411763,0.019801980198019802,0.5285714285714286,0.06534653465346535,0.027667984189723323,0.3000300030003,0.15151515151515152,0.6561922365988909,0.6135515360321562,0.30303030303030304,0.6047409040793826,0.4983471074380166,0.08695652173913043,0.04854368932038835,0.0,0.05555555555555556,0.0,0.33866666666666667,0.35714285714285715,0.36170212765957444,0.29133858267716534,0.5286486486486486,0.07428170988086896,0.10485933503836316,0.699812382739212,0.24905087319665906,0.353518821603928,0.625,0.7728119180633146,0.7870053737176356,0.9629629629629631,0.17937766931055518,0.22617763394462426,0.8939929328621908,0.0,0.0,0.0,0.11643835616438357,0.2962962962962963,100.0,False,True,False,False,False,False
Ousmane Dembélé,0.3076923076923077,0.1983640081799591,0.6249999999999999,0.5544554455445545,0.9142857142857143,0.7544554455445545,0.6047430830039526,0.6666666666666666,0.45454545454545453,0.515403573629082,0.5569910996267585,0.5151515151515152,0.5005512679162073,0.4508264462809918,0.3478260869565218,0.616504854368932,0.24242424242424243,0.4722222222222222,0.20512820512820512,0.10133333333333333,0.0,0.18351063829787237,0.0,0.02702702702702703,0.2606867554309741,0.2519181585677749,0.5797373358348968,0.02505694760820046,0.027823240589198037,0.33299999999999996,0.5041899441340781,0.4462139716658525,0.6507936507936507,1.0,0.942826321467098,0.736749116607774,0.4805825242718447,0.31875,0.171,0.9863013698630136,0.07407407407407407,100.0,False,False,True,False,False,False
Dominik Szoboszlai,0.6666666666666666,0.9383094751192911,0.125,0.13861386138613863,0.5428571428571429,0.3920792079207921,0.2529644268774704,0.2535253525352535,0.21212121212121213,0.36260012322858903,0.36922193511340806,0.42424242424242437,0.3368246968026461,0.3066115702479339,0.08695652173913043,0.15048543689320387,0.1818181818181818,0.18333333333333335,0.07692307692307691,0.38133333333333336,0.3,0.5944148936170213,0.1732283464566929,0.17405405405405405,0.33637000700770847,0.2826086956521739,0.4934333958724203,0.0774487471526196,0.0867430441898527,0.442,0.48314711359404094,0.45559355153883735,0.7751322751322751,0.560097620500305,0.5915138439410285,0.8462897526501769,0.33818770226537215,0.35000000000000003,0.267,0.13013698630136986,0.14814814814814814,100.0,False,False,False,False,True,False
Fermín López,0.5128205128205128,0.4488752556237219,0.2205882352941176,0.3465346534653465,0.4285714285714286,0.6752475247524753,0.4940711462450593,0.26462646264626466,0.30303030303030304,0.3912507701786815,0.3801320700545507,0.3636363636363637,0.31036383682469676,0.25413223140495866,0.13043478260869568,0.3883495145631068,0.45454545454545453,0.3055555555555556,0.641025641025641,0.6053333333333334,0.125,0.44813829787234044,0.0,0.032432432432432434,0.6384022424667134,0.6010230179028133,0.5797373358348968,0.07365223993925589,0.06546644844517185,0.348,0.3312849162011173,0.31431362970200294,0.7645502645502648,0.4582062233068944,0.4584681769147788,0.7597173144876326,0.25889967637540456,0.15625,0.156,0.6506849315068493,0.25925925925925924,100.0,False,True,False,False,False,False
William Saliba,0.5384615384615384,0.7276755282890253,0.022058823529411763,0.0297029702970297,0.5,0.033663366336633666,0.011857707509881424,0.6000600060006,0.5151515151515151,0.32655576093653726,0.285099052540913,0.24242424242424238,0.3478500551267916,0.32809917355371904,0.13043478260869568,0.0,0.0,0.0,0.0,0.28533333333333327,0.21071428571428572,0.41888297872340435,0.1889763779527559,0.49513513513513513,0.10161177295024529,0.139386189258312,0.7279549718574109,0.33105542900531515,0.4108019639934533,0.5529999999999999,0.5905027932960893,0.5907181240840255,0.9100529100529102,0.2147651006711409,0.25026968716289105,0.8392226148409895,0.05016181229773463,0.08750000000000001,0.444,0.1643835616438356,0.18518518518518517,100.0,False,False,False,False,True,False
Alexander Isak,0.10256410256410256,0.0760054533060668,0.27941176470588236,0.33663366336633666,0.5571428571428572,0.43168316831683173,0.30434782608695654,0.5295529552955296,0.48484848484848486,0.028034504004929135,0.033878840080390465,0.48484848484848503,0.04796030871003307,0.11363636363636363,0.6521739130434783,0.18446601941747573,0.0,0.0,0.0,0.20533333333333334,0.0,0.12234042553191489,0.10236220472440945,0.12432432432432432,0.14085494043447794,0.03069053708439896,0.17260787992495308,0.24905087319665906,0.16693944353518822,0.29600000000000004,0.0212290502793296,0.002442598925256473,0.10582010582010583,0.09548505186089078,0.07371449119021935,0.4063604240282686,0.04207119741100324,0.0,0.0,0.08904109589041097,0.1111111111111111,100.0,False,False,False,False,True,False
Aleksandar Pavlovic,0.358974358974359,0.3340149965916837,0.13235294117647056,0.09900990099009901,0.6285714285714286,0.12277227722772277,0.12252964426877472,0.9000900090009001,0.48484848484848486,0.606592729513247,0.5808211312087281,0.33333333333333354,0.4718853362734289,0.40743801652892564,0.2173913043478261,0.029126213592233007,0.0,0.20555555555555555,0.0,0.39200000000000007,0.30714285714285716,0.5492021276595744,0.3858267716535433,0.11351351351351352,0.19551506657323056,0.19948849104859334,0.6022514071294558,0.12680334092634776,0.11129296235679215,0.36700000000000005,0.8317504655493482,0.841914997557401,0.9523809523809524,0.7647956070774863,0.855447680690399,0.9540636042402828,0.06957928802588997,0.075,0.28600000000000003,0.0,0.4444444444444444,90.0,True,False,False,False,False,False
Arda Güler,0.5897435897435898,0.5269256987048399,0.13235294117647056,0.19801980198019803,0.45714285714285713,0.43168316831683173,0.33201581027667987,0.24482448244824484,0.2727272727272727,0.4066543438077634,0.37151880562733275,0.28787878787878796,0.28831312017640576,0.2090909090909091,0.08695652173913043,0.1941747572815534,0.0,0.34444444444444444,0.23076923076923075,0.5093333333333334,0.14285714285714288,0.49867021276595747,0.07086614173228346,0.043243243243243246,0.416958654519972,0.479539641943734,0.7354596622889307,0.03037205770690964,0.02945990180032733,0.308,0.4726256983240223,0.46321446018563756,0.851851851851852,0.7123245881635144,0.7583603020496225,0.8780918727915196,0.186084142394822,0.16875,0.231,0.5205479452054794,0.48148148148148145,90.0,False,True,False,False,False,False
Bradley Barcola,0.48717948717948717,0.4328561690524881,0.4191176470588235,0.5544554455445545,0.5142857142857143,0.6831683168316832,0.6284584980237155,0.49264926492649275,0.48484848484848486,0.3613678373382625,0.4338214183175424,0.6666666666666667,0.33792723263506064,0.3351239669421488,0.2173913043478261,1.0,0.7878787878787878,0.34444444444444444,0.0,0.37600000000000006,0.22142857142857145,0.3045212765957447,0.03937007874015748,0.03351351351351351,0.5150665732305537,0.3836317135549872,0.41651031894934337,0.06833712984054671,0.08346972176759411,0.47600000000000003,0.26154562383612656,0.23615046409379584,0.6613756613756614,0.5097620500305065,0.5080906148867314,0.765017667844523,0.20873786407766992,0.1625,0.2,0.2123287671232877,0.37037037037037035,90.0,False,False,True,False,False,False
Rayan Cherki,0.5897435897435898,0.4451261077027948,0.14705882352941177,0.2079207920792079,0.4857142857142857,0.5485148514851486,0.26086956521739135,0.21812181218121812,0.24242424242424243,0.6472581638940235,0.7071490094745909,0.5303030303030303,0.6074972436604189,0.5818181818181818,0.2173913043478261,0.5631067961165048,0.15151515151515152,0.45,0.8974358974358974,0.3146666666666667,0.125,0.5119680851063829,0.03937007874015748,0.03783783783783783,0.695865451997197,0.59846547314578,0.5103189493433397,0.016704631738800307,0.008183306055646482,0.125,0.5154562383612662,0.4771861260381046,0.7407407407407408,0.8261134838316045,0.8007910823444805,0.7632508833922262,0.2524271844660194,0.3125,0.32299999999999995,1.0,0.3333333333333333,90.0,False,False,False,False,True,False
Hugo Ekitiké,0.46153846153846156,0.45330606680299934,0.40441176470588236,0.48514851485148514,0.5857142857142857,0.6396039603960396,0.3715415019762846,0.5076507650765077,0.45454545454545453,0.17929759704251386,0.2113120872810795,0.5909090909090909,0.1758544652701213,0.22727272727272727,0.2173913043478261,0.5048543689320388,0.45454545454545453,0.25,0.25641025641025644,0.11200000000000002,0.053571428571428575,0.17952127659574468,0.07874015748031496,0.14486486486486488,0.4099509460406447,0.27109974424552424,0.35834896810506567,0.296127562642369,0.2520458265139116,0.37799999999999995,0.10148975791433892,0.08285295554469957,0.4841269841269841,0.22971323978035385,0.22078389068680332,0.6448763250883393,0.06472491909385114,0.03125,0.125,0.06849315068493152,0.4074074074074074,90.0,False,False,False,False,True,False
Anthony Gordon,0.41025641025641024,0.4546693933197001,0.2205882352941176,0.43564356435643564,0.3,0.47128712871287126,0.391304347826087,0.37503750375037503,0.5454545454545454,0.32409118915588414,0.4275050244042492,0.8030303030303032,0.3478500551267916,0.4128099173553719,0.2173913043478261,0.3106796116504854,0.0,0.22222222222222224,0.25641025641025644,0.216,0.053571428571428575,0.2779255319148936,0.0,0.06918918918918919,0.48493342676944645,0.4667519181585677,0.5928705440900562,0.11465451784358391,0.06546644844517185,0.235,0.15512104283053998,0.13873961895456766,0.6164021164021164,0.2940817571690055,0.2930600503416037,0.7120141342756184,0.5372168284789643,0.43124999999999997,0.209,0.13698630136986303,0.6296296296296297,80.0,False,False,False,False,True,False
Martín Zubimendi,0.717948717948718,0.8592365371506476,0.1102941176470588,0.0891089108910891,0.5857142857142857,0.1603960396039604,0.10671936758893281,0.5556555655565557,0.3333333333333333,0.2951324707332101,0.29457364341085274,0.3939393939393939,0.26681367144432194,0.2574380165289256,0.08695652173913043,0.029126213592233007,0.0,0.049999999999999996,0.0,0.5093333333333334,0.41785714285714287,0.3643617021276596,0.11811023622047244,0.25297297297297294,0.19481429572529785,0.22122762148337594,0.6735459662288932,0.20956719817767652,0.3191489361702127,0.6629999999999999,0.4546554934823091,0.42706399609184176,0.7619047619047619,0.3730933496034167,0.3775620280474649,0.7526501766784452,0.05825242718446602,0.056249999999999994,0.25,0.18493150684931509,0.5555555555555556,80.0,False,False,False,False,True,False
Warren Zaïre-Emery,0.5641025641025641,0.6724608043626449,0.08088235294117646,0.039603960396039604,0.6,0.1386138613861386,0.10276679841897235,0.47374737473747375,0.1818181818181818,0.6207640172520024,0.6178581682457652,0.3939393939393939,0.5055126791620728,0.36735537190082646,0.08695652173913043,0.07281553398058252,0.12121212121212122,0.26666666666666666,0.1794871794871795,0.43466666666666665,0.15714285714285717,0.6289893617021276,0.1732283464566929,0.08756756756756758,0.36650315346881573,0.329923273657289,0.5384615384615384,0.0501138952164009,0.10147299509001637,0.7390000000000001,0.6196461824953445,0.6251099169516365,0.9312169312169314,0.596705308114704,0.6778137360661632,0.9522968197879861,0.08899676375404532,0.043750000000000004,0.133,0.1506849315068493,0.7037037037037037,80.0,False,False,True,False,False,False
Sandro Tonali,0.6410256410256411,0.7031356509884117,0.0,0.0594059405940594,0.41428571428571426,0.2594059405940594,0.1106719367588933,0.0,0.15151515151515152,0.3361059765865681,0.3379270743611829,0.4090909090909093,0.2585446527012128,0.2524793388429752,0.13043478260869568,0.0679611650485437,0.0,0.11666666666666665,0.0,0.296,0.3928571428571429,0.5930851063829787,0.19685039370078738,0.14162162162162162,0.2817098808689559,0.309462915601023,0.6716697936210131,0.05618830675778284,0.07528641571194762,0.5,0.4313780260707635,0.38974108451392286,0.6851851851851853,0.44112263575350824,0.40704782452355265,0.6625441696113075,0.21682847896440133,0.17500000000000002,0.21100000000000002,0.07534246575342465,0.5185185185185185,80.0,False,False,False,False,True,False
Ryan Gravenberch,0.6666666666666666,0.8575323790047716,0.1102941176470588,0.0594059405940594,0.6285714285714286,0.22574257425742572,0.15415019762845852,0.39483948394839485,0.15151515151515152,0.433456561922366,0.4407120298593167,0.42424242424242437,0.37651598676957,0.3615702479338843,0.08695652173913043,0.21844660194174756,0.1818181818181818,0.13333333333333333,0.07692307692307691,0.43733333333333335,0.5142857142857143,0.4135638297872341,0.25984251968503935,0.1718918918918919,0.35739313244569026,0.3951406649616368,0.6904315196998123,0.0979498861047836,0.132569558101473,0.551,0.43649906890130347,0.41885686370298,0.8042328042328044,0.41244661378889563,0.43329737504494786,0.8091872791519434,0.03398058252427184,0.0,0.0,0.1643835616438356,0.5925925925925926,80.0,False,False,False,False,True,False
Nuno Mendes,0.2564102564102564,0.26278118609406953,0.21323529411764702,0.3069306930693069,0.4714285714285714,0.42772277227722777,0.42687747035573126,0.39993999399939995,0.42424242424242425,0.43499691928527423,0.48722365776629345,0.5606060606060608,0.551819184123484,0.5557851239669421,0.3478260869565218,0.2087378640776699,0.0,0.4388888888888889,0.358974358974359,0.4453333333333333,0.33571428571428574,0.6861702127659575,0.22834645669291337,0.13945945945945945,0.5283812193412755,0.5741687979539642,0.6941838649155723,0.07365223993925589,0.09492635024549917,0.5,0.5573556797020484,0.5353199804592086,0.8201058201058201,0.6214154972544235,0.6371808701905788,0.8162544169611309,0.3252427184466019,0.36249999999999993,0.28600000000000003,0.3972602739726027,0.6666666666666666,80.0,False,False,True,False,False,False
Benjamin Sesko,0.5128205128205128,0.3936605316973415,0.44852941176470584,0.504950495049505,0.6428571428571428,0.6653465346534654,0.7391304347826088,0.540954095409541,0.45454545454545453,0.030191004313000615,0.020671834625322995,0.28787878787878796,0.021499448732083797,0.05702479338842975,0.1739130434782609,0.18932038834951456,0.0,0.09444444444444444,0.15384615384615383,0.04000000000000001,0.06071428571428572,0.17952127659574468,0.08661417322834646,0.08972972972972973,0.2018220042046251,0.03196930946291559,0.07692307692307689,0.4920273348519362,0.5761047463175123,0.529,0.07309124767225325,0.04709330727894479,0.2777777777777778,0.07321537522879804,0.05753326141675656,0.40106007067137817,0.01779935275080906,0.0,0.0,0.07534246575342465,0.8148148148148148,75.0,False,False,False,False,True,False
Jérémy Doku,0.5128205128205128,0.4444444444444444,0.1838235294117647,0.13861386138613863,0.6571428571428571,0.3900990099009901,0.3003952569169961,0.38463846384638467,0.21212121212121213,0.7972889710412815,0.9646856158484065,0.7121212121212123,1.0,1.0,0.2173913043478261,0.6116504854368932,0.45454545454545453,0.9222222222222222,0.25641025641025644,0.2746666666666666,0.23571428571428574,0.49202127659574474,0.0,0.010810810810810811,0.9656622284512966,0.9603580562659846,0.6322701688555348,0.032649962034927864,0.03273322422258593,0.33299999999999996,0.27895716945996274,0.24914509037616026,0.6455026455026457,0.6485661989017694,0.6310679611650484,0.7526501766784452,0.4741100323624596,0.50625,0.276,0.6232876712328768,0.7777777777777778,75.0,False,False,False,False,True,False
Dayot Upamecano,0.358974358974359,0.4488752556237219,0.03676470588235294,0.04950495049504951,0.5,0.07920792079207921,0.03952569169960475,0.37503750375037503,0.3939393939393939,0.5579174368453481,0.4855010048808499,0.21212121212121218,0.5011025358324145,0.36074380165289255,0.13043478260869568,0.0,0.0,0.08333333333333333,0.0,0.552,0.3392857142857143,0.7074468085106382,0.19685039370078738,0.2810810810810811,0.18220042046250873,0.22250639386189255,0.7204502814258913,0.2148823082763857,0.27823240589198034,0.5670000000000001,0.6852886405959032,0.6808988764044944,0.902116402116402,0.3206223306894448,0.3559870550161812,0.8462897526501769,0.05663430420711974,0.09374999999999999,0.429,0.10273972602739725,0.7407407407407407,75.0,True,False,False,False,False,False
Kenan Yildiz,0.6666666666666666,0.8033401499659168,0.23529411764705882,0.25742574257425743,0.5857142857142857,0.6099009900990099,0.5019762845849803,0.30933093309330933,0.24242424242424243,0.4842883548983364,0.5308641975308642,0.5303030303030303,0.5176405733186329,0.46239669421487606,0.08695652173913043,0.6456310679611651,0.1818181818181818,0.6499999999999999,0.15384615384615383,0.184,0.07857142857142858,0.41223404255319146,0.0,0.023783783783783784,0.5718290119131044,0.5332480818414322,0.5703564727954973,0.05618830675778284,0.08346972176759411,0.552,0.27756052141526993,0.2525647288715193,0.6772486772486771,0.49816961561927997,0.4922689679971233,0.7526501766784452,0.4304207119741101,0.475,0.28600000000000003,0.21917808219178084,0.8518518518518519,75.0,False,False,False,False,False,True
Martin Ødegaard,0.358974358974359,0.30334014996591685,0.05147058823529412,0.07920792079207921,0.4714285714285714,0.2871287128712871,0.20948616600790518,0.13651365136513652,0.1818181818181818,0.567467652495379,0.6204421475739306,0.5303030303030303,0.4355016538037486,0.3694214876033058,0.2173913043478261,0.28640776699029125,0.0,0.5111111111111111,0.3333333333333333,0.2986666666666667,0.1642857142857143,0.5132978723404255,0.0,0.04216216216216216,0.2725998598458304,0.19437340153452684,0.4090056285178237,0.02657555049354594,0.03273322422258593,0.375,0.42271880819366847,0.3835857352222765,0.6931216931216932,0.6860890787065284,0.6515641855447679,0.7261484098939929,0.127831715210356,0.125,0.25,0.8972602739726028,0.9259259259259259,70.0,False,False,False,False,True,False
Phil Foden,0.5897435897435898,0.5466939331970007,0.2205882352941176,0.26732673267326734,0.5571428571428572,0.47128712871287126,0.3241106719367589,0.381938193819382,0.3333333333333333,0.31022797288971043,0.28423772609819115,0.30303030303030304,0.24751929437706727,0.20578512396694218,0.13043478260869568,0.2912621359223301,0.12121212121212122,0.16666666666666666,0.10256410256410256,0.3573333333333333,0.1392857142857143,0.4867021276595745,0.10236220472440945,0.05621621621621622,0.39523475823405746,0.38107416879795397,0.5872420262664165,0.06529992406985574,0.0425531914893617,0.25,0.4028864059590316,0.3838788470933073,0.7857142857142858,0.49847467968273335,0.5102481121898597,0.7968197879858657,0.16019417475728157,0.10625,0.174,0.3835616438356165,1.0,70.0,False,False,False,False,True,False
Alessandro Bastoni,0.46153846153846156,0.6029311520109066,0.029411764705882353,0.04950495049504951,0.4857142857142857,0.13465346534653466,0.1264822134387352,0.17641764176417643,0.24242424242424243,0.3709180529882933,0.36606373815676135,0.3787878787878788,0.4371554575523704,0.42479338842975206,0.13043478260869568,0.038834951456310676,0.0,0.19999999999999998,0.10256410256410256,0.5093333333333334,0.3285714285714286,0.43351063829787234,0.1889763779527559,0.34594594594594597,0.24947442186405044,0.2774936061381074,0.675422138836773,0.2323462414578588,0.3404255319148936,0.642,0.605586592178771,0.5662921348314607,0.7671957671957672,0.4829164124466137,0.46062567421790723,0.7084805653710247,0.5501618122977346,0.575,0.271,0.05479452054794521,0.8888888888888888,70.0,False,False,False,False,False,True
Marc Guéhi,0.6410256410256411,0.9100204498977505,0.06617647058823528,0.1188118811881188,0.45714285714285713,0.18019801980198022,0.10276679841897235,0.28142814281428147,0.3939393939393939,0.42544670363524334,0.4237726098191215,0.3939393939393939,0.4410143329658214,0.4024793388429752,0.08695652173913043,0.0,0.0,0.049999999999999996,0.07692307692307691,0.3146666666666667,0.5107142857142857,0.4255319148936171,0.49606299212598426,0.5070270270270271,0.15907498248072885,0.21611253196930943,0.7823639774859288,0.3287775246772969,0.48117839607201307,0.652,0.5305400372439478,0.5114802149487054,0.8253968253968256,0.31970713849908483,0.3398058252427184,0.7932862190812723,0.07928802588996764,0.056249999999999994,0.17600000000000002,0.06164383561643835,0.9629629629629629,70.0,False,False,False,False,True,False
Cody Gakpo,0.6666666666666666,0.7726653033401499,0.1691176470588235,0.27722772277227725,0.4285714285714286,0.5643564356435644,0.2727272727272727,0.24152415241524156,0.30303030303030304,0.3052988293284042,0.33878840080390465,0.5454545454545454,0.3059536934950386,0.2706611570247934,0.08695652173913043,0.6504854368932039,0.21212121212121213,0.2888888888888889,0.07692307692307691,0.21066666666666667,0.15357142857142858,0.2805851063829788,0.10236220472440945,0.07459459459459458,0.3770147161878066,0.3273657289002557,0.5159474671669794,0.25968109339407747,0.2995090016366612,0.509,0.1450651769087523,0.12222765021983392,0.5291005291005292,0.3221476510067114,0.3304566702624955,0.7526501766784452,0.29611650485436897,0.14375,0.125,0.10958904109589042,0.4074074074074074,65.0,False,False,False,False,True,False
Eberechi Eze,0.5897435897435898,0.4839809134287662,0.2426470588235294,0.2376237623762376,0.6285714285714286,0.5900990099009901,0.37549407114624506,0.3333333333333333,0.24242424242424243,0.25693160813308685,0.2540913006029285,0.3939393939393939,0.1824696802646086,0.15743801652892564,0.13043478260869568,0.2766990291262136,0.15151515151515152,0.07777777777777778,0.12820512820512822,0.20533333333333334,0.18571428571428572,0.398936170212766,0.03937007874015748,0.050810810810810805,0.37070777855641207,0.4168797953964194,0.7073170731707318,0.11237661351556567,0.07692307692307691,0.28600000000000003,0.2100558659217877,0.1951148021494871,0.6957671957671957,0.30872483221476504,0.3193096008629989,0.7561837455830389,0.05339805825242719,0.056249999999999994,0.28600000000000003,0.5821917808219178,0.4444444444444444,65.0,False,False,False,False,True,False
Rafael Leão,0.48717948717948717,0.4700068166325835,0.32352941176470584,0.4752475247524752,0.4428571428571429,0.6039603960396039,0.45849802371541504,0.42874287428742874,0.48484848484848486,0.248305606900801,0.3281653746770026,0.7878787878787881,0.2866593164277839,0.3487603305785124,0.2173913043478261,0.49514563106796117,0.30303030303030304,0.3222222222222222,0.3846153846153846,0.04266666666666666,0.08571428571428572,0.17819148936170215,0.0,0.036756756756756756,0.35459004905395936,0.2928388746803069,0.4821763602251407,0.18830675778283978,0.2225859247135843,0.509,0.17867783985102417,0.16404494382022472,0.6666666666666667,0.263575350823673,0.26537216828478966,0.7084805653710247,0.19579288025889968,0.33125,0.44,0.3013698630136986,0.4074074074074074,65.0,False,False,False,False,False,True
Trent Alexander-Arnold,0.28205128205128205,0.23278800272665304,0.0,0.019801980198019802,0.4714285714285714,0.15247524752475247,0.05928853754940712,0.0,0.0909090909090909,0.32224276032039434,0.25868504163077805,0.15151515151515152,0.25799338478500555,0.17520661157024794,0.2173913043478261,0.038834951456310676,0.0,0.12777777777777777,0.20512820512820512,0.25333333333333335,0.3857142857142858,0.40558510638297873,0.11811023622047244,0.08324324324324324,0.16117729502452696,0.12148337595907929,0.4465290806754222,0.033409263477600606,0.06382978723404255,0.625,0.5078212290502793,0.4629213483146068,0.708994708994709,0.5518608907870652,0.5235526788924847,0.7120141342756184,0.8511326860841424,0.63125,0.191,0.2123287671232877,0.4444444444444444,65.0,False,True,False,False,False,False
Nick Woltemade,0.5897435897435898,0.48807089297886846,0.27941176470588236,0.3069306930693069,0.6,0.299009900990099,0.24110671936758896,0.7500750075007501,0.6363636363636364,0.06777572396796055,0.06459948320413438,0.3787878787878788,0.04299889746416759,0.06859504132231405,0.13043478260869568,0.024271844660194174,0.0,0.10555555555555556,0.0,0.26666666666666666,0.08571428571428572,0.23271276595744686,0.07086614173228346,0.10702702702702703,0.35739313244569026,0.22634271099744244,0.34146341463414637,0.3113135914958239,0.27004909983633385,0.385,0.08463687150837987,0.06839276990718124,0.4708994708994709,0.13117754728492984,0.12549442646530026,0.5742049469964665,0.022653721682847898,0.0,0.0,0.13013698630136986,0.2962962962962963,65.0,False,False,False,False,True,False
Johan Manzambi,0.4358974358974359,0.5501022494887525,0.15441176470588233,0.16831683168316833,0.5714285714285714,0.43366336633663366,0.2055335968379447,0.29402940294029406,0.24242424242424243,0.4685767097966728,0.5492391616422624,0.6363636363636366,0.4592061742006615,0.43429752066115707,0.1739130434782609,0.2718446601941748,0.2727272727272727,0.21666666666666667,0.23076923076923075,0.36533333333333334,0.41428571428571426,0.5305851063829787,0.07086614173228346,0.1762162162162162,0.5977575332866154,0.6867007672634271,0.75046904315197,0.18223234624145784,0.23240589198036005,0.55,0.29208566108007444,0.2666340986809966,0.6878306878306879,0.28309945088468574,0.26321467098166124,0.6342756183745585,0.24271844660194175,0.29374999999999996,0.314,0.17808219178082194,0.18518518518518517,65.0,True,False,False,False,False,False
Viktor Gyökeres,0.6666666666666666,0.5964553510565781,0.4191176470588235,0.49504950495049505,0.5857142857142857,0.43960396039603966,0.35177865612648224,0.7635763576357636,0.696969696969697,0.05637707948243991,0.06804478897502153,0.5303030303030303,0.06119073869900772,0.11487603305785124,0.1739130434782609,0.1359223300970874,0.24242424242424243,0.044444444444444446,0.0,0.04000000000000001,0.014285714285714287,0.1968085106382979,0.09448818897637795,0.08324324324324324,0.2501751927119832,0.11125319693094629,0.23076923076923078,0.2832194381169324,0.19803600654664483,0.309,0.0361266294227188,0.0121152906692721,0.10317460317460314,0.13209273947528982,0.1035598705501618,0.43462897526501776,0.05177993527508091,0.075,0.375,0.10958904109589042,0.4444444444444444,65.0,False,False,False,False,True,False
Rodri,0.28205128205128205,0.35207907293796864,0.044117647058823525,0.06930693069306931,0.4857142857142857,0.18811881188118812,0.07114624505928854,0.18751875187518752,0.21212121212121213,0.49784349969192854,0.431237438989377,0.21212121212121218,0.44266813671444327,0.3367768595041322,0.1739130434782609,0.058252427184466014,0.0,0.09999999999999999,0.0,0.616,0.29642857142857143,0.7473404255319149,0.14173228346456693,0.26378378378378375,0.3917309039943938,0.4846547314578005,0.7954971857410883,0.21184510250569477,0.3797054009819967,0.78,0.8124767225325885,0.7810454323400098,0.8359788359788359,0.6397193410616229,0.6580366774541531,0.823321554770318,0.05825242718446602,0.0375,0.16699999999999998,0.2465753424657534,0.5185185185185185,65.0,False,False,False,False,True,False
Dean Huijsen,0.46153846153846156,0.5306748466257669,0.06617647058823528,0.09900990099009901,0.4857142857142857,0.17425742574257427,0.08695652173913045,0.3000300030003,0.3333333333333333,0.49784349969192854,0.47975882859603797,0.3484848484848486,0.5689084895259096,0.5338842975206611,0.1739130434782609,0.06310679611650485,0.0,0.07222222222222223,0.0,0.3306666666666667,0.3,0.336436170212766,0.5590551181102362,0.6162162162162163,0.08549404344779259,0.14322250639386183,0.8273921200750468,0.26499620349278663,0.36170212765957444,0.602,0.5996275605214153,0.577723497801661,0.828042328042328,0.33709579011592433,0.3329737504494786,0.7155477031802121,0.006472491909385114,0.0,0.0,0.027397260273972605,0.18518518518518517,65.0,False,True,False,False,False,False
Marc Cucurella,0.6153846153846154,0.7600545330606681,0.022058823529411763,0.07920792079207921,0.4428571428571429,0.1306930693069307,0.0790513833992095,0.15001500150015,0.3636363636363636,0.13585951940850277,0.12575366063738155,0.33333333333333354,0.21058434399117973,0.22148760330578512,0.08695652173913043,0.014563106796116504,0.0,0.23888888888888887,0.0,0.45333333333333337,0.3785714285714286,0.4002659574468085,0.2125984251968504,0.31243243243243246,0.23265592151366507,0.2404092071611253,0.6191369606003753,0.16021260440394836,0.19639934533551553,0.522,0.36312849162011174,0.3450903761602345,0.7751322751322751,0.2965222696766321,0.32614167565623875,0.823321554770318,0.2313915857605178,0.26875,0.302,0.04794520547945206,0.4444444444444444,60.0,False,False,False,False,True,False
Luka Vuskovic,0.46153846153846156,0.6683708248125426,0.16176470588235292,0.15841584158415842,0.6,0.23366336633663365,0.14624505928853757,0.5625562556255626,0.3939393939393939,0.3333333333333333,0.3241458512776342,0.3636363636363637,0.3401323042998897,0.2859504132231405,0.08695652173913043,0.019417475728155338,0.0,0.08333333333333333,0.0,0.18133333333333335,0.525,0.5199468085106383,0.7244094488188977,1.0,0.13665031534688157,0.15728900255754474,0.654784240150094,0.5459377372817009,0.8985270049099836,0.745,0.4429236499068901,0.3925744992672203,0.6481481481481483,0.1415497254423429,0.06760158216468895,0.1819787985865724,0.011326860841423949,0.0,0.0,0.07534246575342465,0.1111111111111111,60.0,True,False,False,False,False,False
Tijjani Reijnders,0.46153846153846156,0.3940013633265167,0.2058823529411765,0.2376237623762376,0.5428571428571429,0.5346534653465347,0.3478260869565218,0.30603060306030605,0.2727272727272727,0.32501540357362907,0.36089577950043067,0.5454545454545454,0.33076074972436603,0.3512396694214876,0.2173913043478261,0.45631067961165045,0.1818181818181818,0.06111111111111111,0.15384615384615383,0.11200000000000002,0.19642857142857145,0.32579787234042556,0.0,0.11891891891891893,0.29081990189208135,0.20076726342710996,0.3883677298311445,0.01974183750949127,0.027823240589198037,0.375,0.32504655493482304,0.31577918905715685,0.8095238095238094,0.4405125076266016,0.47500898957209636,0.8498233215547703,0.1423948220064725,0.06874999999999999,0.125,0.2671232876712329,0.4444444444444444,60.0,False,False,False,False,True,False
Jan Paul van Hecke,0.6666666666666666,0.930811179277437,0.058823529411764705,0.0891089108910891,0.4857142857142857,0.12673267326732673,0.1106719367588933,0.39123912391239124,0.42424242424242425,0.7033271719038817,0.7674418604651163,0.5303030303030303,0.846747519294377,0.8297520661157024,0.08695652173913043,0.038834951456310676,0.0,0.044444444444444446,0.0,0.36266666666666664,0.4714285714285715,0.3231382978723404,0.6141732283464567,0.572972972972973,0.15346881569726703,0.2237851662404092,0.8330206378986869,0.39939255884586183,0.5237315875613748,0.588,0.5742085661080074,0.5356130923302395,0.7592592592592594,0.3151311775472849,0.2664509169363538,0.5512367491166079,0.10355987055016182,0.17500000000000002,0.435,0.02054794520547945,0.37037037037037035,60.0,False,False,False,False,True,False
Lennart Karl,0.41025641025641024,0.27334696659850033,0.25735294117647056,0.5247524752475248,0.24285714285714285,0.5841584158415842,0.5810276679841898,0.3570357035703571,0.5454545454545454,0.4460874922982132,0.43956359460235434,0.3787878787878788,0.3390297684674752,0.23429752066115703,0.1739130434782609,0.5776699029126213,0.42424242424242425,0.38888888888888884,0.358974358974359,0.43466666666666665,0.35000000000000003,0.40558510638297873,0.11023622047244096,0.015135135135135137,0.5858444288717589,0.3951406649616368,0.3564727954971857,0.06074411541381929,0.02291325695581015,0.14300000000000002,0.4497206703910614,0.41446018563751835,0.7248677248677251,0.6635143380109823,0.6454512765192377,0.7544169611307422,0.284789644012945,0.30624999999999997,0.28,0.19178082191780824,0.07407407407407407,60.0,True,False,False,False,False,False
Jules Koundé,0.5128205128205128,0.6070211315610089,0.029411764705882353,0.06930693069306931,0.45714285714285713,0.1108910891089109,0.0632411067193676,0.21422142214221424,0.3636363636363636,0.3228589032655576,0.26442721791559,0.16666666666666663,0.35115766262403525,0.2731404958677686,0.08695652173913043,0.038834951456310676,0.0,0.08888888888888889,0.0,0.4640000000000001,0.425,0.3829787234042553,0.3779527559055118,0.23675675675675675,0.3398738612473721,0.3516624040920716,0.6378986866791745,0.1738800303720577,0.22749590834697214,0.565,0.6286778398510243,0.6181729360039082,0.8756613756613756,0.5039658328248932,0.5408126573175117,0.8568904593639577,0.2572815533980583,0.3,0.3,0.0821917808219178,0.4444444444444444,60.0,False,True,False,False,False,False
Reece James,0.48717948717948717,0.5047716428084527,0.06617647058823528,0.04950495049504951,0.5571428571428572,0.2,0.1264822134387352,0.27272727272727276,0.15151515151515152,0.3012939001848429,0.25724949755957505,0.21212121212121218,0.25248070562293273,0.1747933884297521,0.08695652173913043,0.0679611650485437,0.0,0.049999999999999996,0.0,0.552,0.5392857142857144,0.523936170212766,0.22047244094488191,0.20324324324324322,0.319551506657323,0.3593350383631713,0.6979362101313322,0.15034168564920275,0.23240589198036005,0.66,0.4820297951582867,0.46184660478749395,0.806878306878307,0.4051250762660159,0.4275440489032722,0.8144876325088339,0.3932038834951457,0.34375,0.226,0.19178082191780824,0.4074074074074074,60.0,False,False,False,False,True,False
Rasmus Højlund,0.5897435897435898,0.7774369461486026,0.2867647058823529,0.33663366336633666,0.5714285714285714,0.38811881188118813,0.32015810276679846,0.6000600060006,0.5454545454545454,0.09550215650030808,0.11369509043927646,0.5606060606060608,0.08985667034178611,0.14834710743801655,0.13043478260869568,0.30097087378640774,0.0909090909090909,0.18333333333333335,0.07692307692307691,0.0,0.0,0.04521276595744682,0.05511811023622048,0.05297297297297297,0.29432375613174494,0.16751918158567775,0.30393996247654786,0.2832194381169324,0.22913256955810143,0.358,0.07020484171322161,0.05403028822667318,0.4259259259259258,0.12995729103111653,0.12801150665228336,0.5936395759717314,0.016181229773462785,0.043750000000000004,0.667,0.15753424657534248,0.25925925925925924,60.0,False,False,False,False,False,True
Dani Olmo,0.5897435897435898,0.5443081117927744,0.2205882352941176,0.32673267326732675,0.45714285714285713,0.6,0.3596837944664032,0.3000300030003,0.3333333333333333,0.23413431916204558,0.2207866781510192,0.33333333333333354,0.17695700110253582,0.17933884297520664,0.13043478260869568,0.2524271844660194,0.12121212121212122,0.23888888888888887,0.23076923076923075,0.3466666666666666,0.21785714285714286,0.48936170212765956,0.031496062992125984,0.10810810810810811,0.4183601962158374,0.38746803069053704,0.5609756097560976,0.09491268033409264,0.14238952536824875,0.606,0.4065176908752327,0.3722520762090865,0.708994708994709,0.5518608907870652,0.5494426465300251,0.7703180212014133,0.09061488673139159,0.10625,0.308,0.4178082191780822,0.4444444444444444,60.0,False,True,False,False,False,False
Harry Kane,0.5384615384615384,0.6482617586912065,1.0,1.0,1.0,0.8910891089108911,1.0,0.9075907590759076,0.696969696969697,0.16574245224892176,0.15044501866207288,0.30303030303030304,0.11466372657111357,0.10743801652892562,0.08695652173913043,0.3300970873786408,0.696969696969697,0.16666666666666666,0.20512820512820512,0.15733333333333333,0.10714285714285715,0.28856382978723405,0.18110236220472442,0.13513513513513514,0.3104414856341976,0.28516624040920713,0.5497185741088181,0.1867881548974943,0.265139116202946,0.614,0.1720670391061452,0.1510503175378603,0.5952380952380952,0.3068944478340452,0.2962962962962963,0.6819787985865724,0.07281553398058253,0.024999999999999998,0.083,0.4383561643835617,0.6296296296296297,60.0,True,False,False,False,False,False
Pedro Neto,0.6153846153846154,0.7372188139059305,0.125,0.15841584158415842,0.5142857142857143,0.3108910891089109,0.1739130434782609,0.32613261326132614,0.30303030303030304,0.42174984596426374,0.5285673270169394,0.7424242424242425,0.42447629547960314,0.4632231404958678,0.13043478260869568,0.2815533980582524,0.0,0.43333333333333335,0.25641025641025644,0.13866666666666666,0.07142857142857144,0.2819148936170213,0.0,0.04756756756756757,0.37561317449194115,0.28005115089514065,0.4221388367729831,0.07137433561123767,0.05073649754500818,0.273,0.21145251396648043,0.2041035661944309,0.7619047619047619,0.3785845027455766,0.41711614527148505,0.8586572438162544,0.6116504854368932,0.44999999999999996,0.18899999999999997,0.06849315068493152,0.37037037037037035,60.0,False,False,False,False,True,False
Kai Havertz,0.05128205128205128,0.03510565780504431,0.22794117647058823,0.504950495049505,0.21428571428571425,0.5504950495049504,0.24505928853754944,0.3333333333333333,0.5454545454545454,0.11891558841651262,0.13637668676428366,0.5454545454545454,0.13395810363836821,0.15743801652892564,0.6521739130434783,0.30097087378640774,0.0,0.08333333333333333,0.0,0.29333333333333333,0.053571428571428575,0.1888297872340426,0.0,0.13297297297297297,0.3167484232655922,0.25831202046035806,0.476547842401501,0.47835990888382696,0.4288052373158756,0.405,0.15493482309124768,0.11919882755251587,0.41269841269841256,0.30750457596095176,0.28083423229054294,0.6236749116607774,0.1504854368932039,0.0,0.0,0.10273972602739725,0.4074074074074074,55.0,False,False,False,False,True,False
Jérémy Jacquet,0.23076923076923078,0.4066121336059986,0.0,0.0594059405940594,0.41428571428571426,0.11683168316831682,0.0632411067193676,0.0,0.2727272727272727,0.3570548367221195,0.3255813953488372,0.28787878787878796,0.3809261300992282,0.35826446280991736,0.2173913043478261,0.0,0.0,0.06111111111111111,0.0,0.352,0.3642857142857143,0.45212765957446804,0.6771653543307087,0.5297297297297298,0.13034337771548704,0.1867007672634271,0.7917448405253285,0.1867881548974943,0.32569558101472995,0.755,0.4552141527001862,0.44504152418172943,0.8439153439153442,0.12477120195241,0.13592233009708737,0.6731448763250883,0.0,0.0,0.0,0.03424657534246576,0.18518518518518517,55.0,False,False,True,False,False,False
Rúben Dias,0.41025641025641024,0.5657805044308112,0.058823529411764705,0.019801980198019802,0.5857142857142857,0.08316831683168317,0.06719367588932808,0.6000600060006,0.1818181818181818,0.5172520024645717,0.4855010048808499,0.3181818181818181,0.5237045203969128,0.4694214876033058,0.13043478260869568,0.019417475728155338,0.0,0.022222222222222223,0.0,0.11200000000000002,0.3464285714285714,0.30984042553191493,0.5590551181102362,0.5318918918918919,0.0014015416958654532,0.012787723785166237,0.5872420262664165,0.27031131359149585,0.39934533551554824,0.652,0.6023277467411546,0.6030288226673182,0.9126984126984128,0.24618669920683345,0.28946422150305645,0.8745583038869259,0.06148867313915858,0.08125,0.33299999999999996,0.027397260273972605,0.48148148148148145,55.0,False,False,False,False,True,False
Alejandro Balde,0.46153846153846156,0.47511929107021134,0.0,0.0297029702970297,0.45714285714285713,0.09504950495049505,0.019762845849802375,0.0,0.21212121212121213,0.35951940850277264,0.3853000287108815,0.5000000000000001,0.34233737596471886,0.30785123966942146,0.1739130434782609,0.1650485436893204,0.0,0.13333333333333333,0.12820512820512822,0.4133333333333333,0.08571428571428572,0.48936170212765956,0.3779527559055118,0.12972972972972974,0.33076384022424665,0.3938618925831202,0.7485928705440902,0.05922551252847381,0.0785597381342062,0.5,0.45018621973929235,0.44797264289203714,0.8809523809523809,0.44935936546674804,0.511326860841424,0.92226148409894,0.21682847896440133,0.18124999999999997,0.214,0.06849315068493152,0.25925925925925924,55.0,False,True,False,False,False,False
Riccardo Calafiori,0.41025641025641024,0.418200408997955,0.03676470588235294,0.1782178217821782,0.32857142857142857,0.3346534653465347,0.16600790513833993,0.09360936093609362,0.30303030303030304,0.21349353049907577,0.2219351134079816,0.4545454545454546,0.21168687982359424,0.2190082644628099,0.1739130434782609,0.1553398058252427,0.0,0.06111111111111111,0.0,0.41600000000000004,0.2821428571428572,0.4135638297872341,0.2047244094488189,0.28540540540540543,0.2578836720392432,0.2608695652173913,0.6097560975609756,0.2946089597570235,0.4140752864157119,0.623,0.28743016759776535,0.2669272105520274,0.7169312169312169,0.24374618669920683,0.2988133764832794,0.9240282685512368,0.17961165048543692,0.09999999999999999,0.14300000000000002,0.03424657534246576,0.2962962962962963,55.0,False,False,False,False,True,False
Ferran Torres,0.5897435897435898,0.5098841172460804,0.5367647058823529,0.594059405940594,0.6857142857142857,0.6217821782178218,0.6679841897233202,0.6957695769576958,0.5757575757575757,0.05144793592113368,0.04737295434969854,0.3636363636363637,0.02646085997794928,0.04462809917355372,0.08695652173913043,0.17475728155339804,0.5454545454545454,0.09999999999999999,0.0,0.050666666666666665,0.05000000000000001,0.11968085106382978,0.03937007874015748,0.049729729729729735,0.15977575332866156,0.08695652173913043,0.3339587242026267,0.13515565679574792,0.18657937806873975,0.581,0.11601489757914338,0.09252564728871522,0.4576719576719576,0.1830384380719951,0.16361021215390145,0.5565371024734983,0.022653721682847898,0.03125,0.33299999999999996,0.09589041095890412,0.37037037037037035,55.0,False,True,False,False,False,False
Nico Schlotterbeck,0.46153846153846156,0.6952965235173824,0.13235294117647056,0.12871287128712872,0.5571428571428572,0.22574257425742572,0.1264822134387352,0.46864686468646866,0.3636363636363636,0.3915588416512631,0.3626184323858742,0.30303030303030304,0.4388092613009923,0.3962809917355372,0.13043478260869568,0.03398058252427185,0.0,0.06111111111111111,0.0,0.4426666666666667,0.34285714285714286,0.5757978723404256,0.33858267716535434,0.4908108108108108,0.23826208829712686,0.3043478260869565,0.7786116322701689,0.27107061503416857,0.38625204582651385,0.629,0.5763500931098696,0.5449926722032242,0.7883597883597884,0.40268456375838924,0.38187702265372164,0.6872791519434631,0.13268608414239483,0.11249999999999999,0.217,0.09589041095890412,0.4074074074074074,55.0,True,False,False,False,False,False
Felix Nmecha,0.48717948717948717,0.5807770961145194,0.058823529411764705,0.1485148514851485,0.39999999999999997,0.2693069306930693,0.11462450592885376,0.18181818181818182,0.3333333333333333,0.2575477510782501,0.2994544932529428,0.5909090909090909,0.2552370452039691,0.2950413223140496,0.1739130434782609,0.10194174757281553,0.0,0.044444444444444446,0.0,0.3706666666666667,0.39642857142857146,0.49867021276595747,0.12598425196850394,0.12972972972972974,0.350385423966363,0.3580562659846547,0.6285178236397749,0.12072892938496584,0.18166939443535188,0.628,0.32877094972067034,0.3108939912066439,0.7592592592592594,0.35723001830384377,0.354908306364617,0.7279151943462899,0.04692556634304207,0.049999999999999996,0.28600000000000003,0.0821917808219178,0.37037037037037035,55.0,True,False,False,False,False,False
Mason Greenwood,0.5641025641025641,0.6779141104294478,0.42647058823529405,0.5148514851485149,0.5857142857142857,0.8297029702970298,0.691699604743083,0.41734173417341736,0.3939393939393939,0.5261860751694394,0.5607235142118863,0.48484848484848503,0.41124586549062847,0.33636363636363636,0.08695652173913043,0.7621359223300971,0.21212121212121213,0.3666666666666667,0.1794871794871795,0.11200000000000002,0.053571428571428575,0.2992021276595745,0.031496062992125984,0.011891891891891892,0.4246671338472319,0.3631713554987212,0.5065666041275797,0.011389521640091119,0.011456628477905075,0.222,0.3408752327746741,0.29760625305324867,0.6137566137566138,0.535692495424039,0.5077310320028766,0.7084805653710247,0.39482200647249194,0.34375,0.22399999999999998,0.37671232876712335,0.3333333333333333,55.0,False,False,True,False,False,False
Pablo Barrios,0.3333333333333333,0.4042263122017723,0.03676470588235294,0.09900990099009901,0.4428571428571429,0.24554455445544554,0.1264822134387352,0.1305130513051305,0.24242424242424243,0.4439309919901417,0.4877978753947746,0.5303030303030303,0.35611907386990077,0.293801652892562,0.1739130434782609,0.07766990291262135,0.0,0.23888888888888887,0.0,0.39733333333333337,0.5214285714285715,0.7207446808510639,0.08661417322834646,0.07027027027027027,0.4569025928521374,0.4782608695652174,0.6566604127579738,0.11769172361427487,0.15875613747954173,0.563,0.445437616387337,0.42765021983390333,0.806878306878307,0.5210494203782794,0.5465659834591874,0.8303886925795054,0.2702265372168285,0.3375,0.32299999999999995,0.2945205479452055,0.25925925925925924,55.0,False,True,False,False,False,False
Alberto Moleiro,0.6923076923076923,0.6850715746421268,0.2647058823529411,0.2079207920792079,0.7142857142857143,0.3287128712871287,0.2845849802371542,0.6522652265226523,0.3939393939393939,0.22704867529266792,0.2704565030146425,0.6212121212121212,0.2557883131201764,0.3169421487603306,0.1739130434782609,0.22815533980582522,0.42424242424242425,0.19999999999999998,0.28205128205128205,0.25333333333333335,0.15357142857142858,0.4348404255319149,0.08661417322834646,0.050810810810810805,0.47302032235459013,0.29923273657289,0.3283302063789868,0.05239179954441913,0.01800327332242226,0.125,0.19022346368715082,0.16111382510991698,0.5449735449735449,0.28096400244051245,0.2729234088457389,0.678445229681979,0.08737864077669903,0.043750000000000004,0.133,0.3493150684931507,0.25925925925925924,50.0,False,True,False,False,False,False
Eduardo Camavinga,0.48717948717948717,0.3565098841172461,0.044117647058823525,0.06930693069306931,0.4857142857142857,0.15247524752475247,0.047430830039525695,0.23072307230723074,0.2727272727272727,0.33487369069624157,0.3252942865345966,0.3636363636363637,0.2398015435501654,0.20041322314049587,0.1739130434782609,0.058252427184466014,0.0,0.09999999999999999,0.0,0.9866666666666667,0.29642857142857143,0.5598404255319149,0.5118110236220472,0.1535135135135135,0.5697266993693062,0.7058823529411764,0.8236397748592872,0.06681852695520123,0.09656301145662846,0.556,0.5126629422718807,0.5081582804103566,0.8809523809523809,0.5,0.5480043149946062,0.8851590106007067,0.01941747572815534,0.0,0.0,0.2808219178082192,0.2962962962962963,50.0,False,True,False,False,False,False
Maxence Lacroix,0.6410256410256411,0.8885480572597138,0.022058823529411763,0.06930693069306931,0.4428571428571429,0.1386138613861386,0.0790513833992095,0.12511251125112513,0.30303030303030304,0.281577325939618,0.2342807924203273,0.1969696969696971,0.2701212789415656,0.2537190082644628,0.08695652173913043,0.0,0.0,0.016666666666666666,0.0,0.43200000000000005,0.4678571428571429,0.26595744680851063,0.39370078740157477,0.7945945945945946,0.14646110721793973,0.20076726342710996,0.7767354596622891,0.41609719058466216,0.5679214402618658,0.613,0.365828677839851,0.34958475818270646,0.7857142857142858,0.044844417327638796,0.027328299172959373,0.2968197879858657,0.024271844660194174,0.0375,0.4,0.02054794520547945,0.37037037037037035,50.0,False,False,False,False,True,False
Federico Dimarco,0.6410256410256411,0.7580095432856169,0.1691176470588235,0.16831683168316833,0.5857142857142857,0.42772277227722777,0.2885375494071146,0.32313231323132313,0.24242424242424243,0.1383240911891559,0.15245478036175708,0.5000000000000001,0.16703417861080486,0.2053719008264463,0.13043478260869568,0.04854368932038835,0.0,0.16666666666666666,0.1794871794871795,0.408,0.3678571428571429,0.4507978723404255,0.07874015748031496,0.10054054054054054,0.22915206727400145,0.2237851662404092,0.5853658536585366,0.02201974183750949,0.011456628477905075,0.14300000000000002,0.36778398510242083,0.32808988764044944,0.656084656084656,0.50366076876144,0.5149226896799711,0.795053003533569,0.9255663430420712,1.0,0.27899999999999997,0.06849315068493152,0.48148148148148145,50.0,False,False,False,False,False,True
Micky van de Ven,0.6410256410256411,0.8735514655760055,0.08823529411764705,0.06930693069306931,0.5571428571428572,0.09306930693069307,0.07114624505928854,0.7500750075007501,0.48484848484848486,0.24491682070240298,0.27447602641401087,0.5454545454545454,0.24586549062844543,0.28553719008264467,0.13043478260869568,0.0,0.0,0.016666666666666666,0.0,0.272,0.23214285714285718,0.3816489361702128,0.5118110236220472,0.4183783783783784,0.1072179397337071,0.1560102301790281,0.7729831144465292,0.21336370539104024,0.22749590834697214,0.465,0.40372439478584726,0.39628724963361023,0.8465608465608466,0.03172666259914582,0.04890327220424307,0.6060070671378092,0.014563106796116505,0.0,0.0,0.0,0.3333333333333333,50.0,False,False,False,False,True,False
Nathaniel Brown,0.5897435897435898,0.7419904567143831,0.10294117647058824,0.0891089108910891,0.5714285714285714,0.12079207920792079,0.11857707509881424,0.6666666666666666,0.42424242424242425,0.27818853974122,0.2773471145564169,0.3939393939393939,0.27783902976846747,0.24380165289256198,0.08695652173913043,0.11650485436893203,0.0909090909090909,0.26111111111111107,0.07692307692307691,0.6960000000000001,0.31428571428571433,0.43351063829787234,0.15748031496062992,0.16108108108108107,0.38962859145059564,0.4514066496163683,0.7354596622889307,0.06378132118451026,0.049099836333878884,0.3,0.27392923649906886,0.251685393258427,0.6931216931216932,0.20256253813300795,0.20747932398417834,0.6925795053003535,0.22491909385113268,0.15,0.171,0.04794520547945206,0.25925925925925924,50.0,True,False,False,False,False,False
Álvaro Carreras,0.46153846153846156,0.6319018404907976,0.058823529411764705,0.019801980198019802,0.5857142857142857,0.0693069306930693,0.047430830039525695,0.6666666666666666,0.15151515151515152,0.348120764017252,0.35256962388745333,0.42424242424242437,0.3632855567805954,0.32520661157024794,0.13043478260869568,0.07281553398058252,0.12121212121212122,0.10555555555555556,0.10256410256410256,0.3866666666666667,0.5357142857142857,0.696808510638298,0.18110236220472442,0.24972972972972973,0.32725998598458306,0.33759590792838867,0.6322701688555348,0.15641609719058466,0.2013093289689034,0.552,0.5349162011173184,0.5217391304347826,0.8492063492063491,0.6259914582062233,0.700467457749011,0.9363957597173146,0.1941747572815534,0.075,0.09699999999999999,0.027397260273972605,0.25925925925925924,50.0,False,True,False,False,False,False
Alex Scott,0.6923076923076923,0.810838445807771,0.06617647058823528,0.1188118811881188,0.45714285714285713,0.2752475247524752,0.16205533596837945,0.20462046204620463,0.2727272727272727,0.33826247689463956,0.35515360321561873,0.46969696969696967,0.2993384785005513,0.27768595041322314,0.08695652173913043,0.12135922330097088,0.0,0.1388888888888889,0.0,0.46933333333333327,0.4035714285714286,0.7180851063829787,0.3464566929133858,0.27567567567567564,0.4470918009810792,0.479539641943734,0.675422138836773,0.14882308276385728,0.18985270049099834,0.544,0.32458100558659214,0.29721543722520766,0.6957671957671957,0.24954240390482,0.2308522114347357,0.618374558303887,0.13754045307443366,0.13749999999999998,0.259,0.2123287671232877,0.25925925925925924,50.0,False,False,False,False,True,False
Manu Koné,0.48717948717948717,0.674505794137696,0.05147058823529412,0.07920792079207921,0.5,0.15247524752475247,0.07114624505928854,0.28562856285628563,0.30303030303030304,0.3191620455945779,0.31869078380706284,0.3939393939393939,0.29658213891951485,0.28223140495867766,0.13043478260869568,0.019417475728155338,0.0,0.20555555555555555,0.10256410256410256,0.4426666666666667,0.23571428571428574,0.5199468085106383,0.08661417322834646,0.11027027027027027,0.5087596355991592,0.4782608695652174,0.574108818011257,0.13895216400911162,0.16693944353518822,0.509,0.3831471135940409,0.37674645823155845,0.8439153439153442,0.3727882855399634,0.4207119741100323,0.8869257950530036,0.006472491909385114,0.0,0.0,0.1232876712328767,0.3333333333333333,50.0,False,False,False,False,False,True
Leny Yoro,0.5641025641025641,0.429107021131561,0.0,0.06930693069306931,0.39999999999999997,0.09306930693069307,0.0632411067193676,0.0,0.45454545454545453,0.28434996919285277,0.3074935400516796,0.5000000000000001,0.3092613009922823,0.33842975206611575,0.2173913043478261,0.0,0.0,0.0,0.0,0.408,0.5714285714285715,0.4042553191489362,0.44881889763779526,0.4756756756756757,0.11632796075683254,0.14194373401534524,0.6735459662288932,0.29309035687167806,0.3731587561374795,0.564,0.3918994413407821,0.375085490962384,0.7936507936507937,0.15832824893227576,0.1765551959726717,0.736749116607774,0.025889967637540454,0.03125,0.33299999999999996,0.03424657534246576,0.18518518518518517,50.0,False,False,False,False,True,False
Yann Bisseck,0.3333333333333333,0.49147920927062033,0.10294117647058824,0.1188118811881188,0.5285714285714286,0.23168316831683167,0.2213438735177866,0.36003600360036003,0.30303030303030304,0.31515711645101663,0.30921619293712316,0.3787878787878788,0.292723263506064,0.26983471074380166,0.1739130434782609,0.0679611650485437,0.15151515151515152,0.0,0.0,0.3013333333333333,0.3678571428571429,0.33776595744680854,0.25984251968503935,0.37513513513513513,0.15136650315346883,0.1828644501278772,0.6941838649155723,0.1996962794229309,0.2995090016366612,0.65,0.48175046554934814,0.4836345872007817,0.9047619047619049,0.25960951799877974,0.2811938151743977,0.7862190812720848,0.09870550161812298,0.056249999999999994,0.154,0.0,0.37037037037037035,50.0,False,False,False,False,False,True
Mateus Fernandes,0.6666666666666666,0.8670756646216768,0.06617647058823528,0.0594059405940594,0.5428571428571429,0.16435643564356436,0.09486166007905139,0.3213321332133214,0.21212121212121213,0.24337646333949478,0.2761986792994545,0.5606060606060608,0.19018743109151048,0.20826446280991737,0.08695652173913043,0.10194174757281553,0.0,0.09999999999999999,0.07692307692307691,0.784,0.37142857142857144,0.6223404255319149,0.28346456692913385,0.11567567567567569,0.5297827610371408,0.5690537084398977,0.6848030018761726,0.07441154138192863,0.09328968903436988,0.48700000000000004,0.34916201117318435,0.3308255984367367,0.7671957671957672,0.3023184868822453,0.3013304566702625,0.7137809187279154,0.13915857605177995,0.11249999999999999,0.207,0.2876712328767123,0.2222222222222222,50.0,False,False,False,False,True,False
Gonçalo Ramos,0.5128205128205128,0.2825494205862304,0.3014705882352941,0.6138613861386139,0.19999999999999998,0.7900990099009901,0.6798418972332017,0.31023102310231027,0.48484848484848486,0.066543438077634,0.04766006316393913,0.21212121212121218,0.06504961411245865,0.08264462809917356,0.2173913043478261,0.19902912621359223,0.21212121212121213,0.11666666666666665,0.0,0.20266666666666666,0.12142857142857144,0.17553191489361705,0.0,0.07459459459459458,0.42186405045550107,0.3491048593350384,0.4859287054409006,0.2422171602126044,0.23567921440261863,0.429,0.1339851024208566,0.12379091353199807,0.6534391534391536,0.15466748017083587,0.17583603020496222,0.7508833922261485,0.011326860841423949,0.043750000000000004,1.0,0.04794520547945206,0.3333333333333333,50.0,False,False,True,False,False,False
Matheus Nunes,0.6153846153846154,0.8128834355828221,0.022058823529411763,0.009900990099009901,0.5285714285714286,0.04356435643564357,0.023715415019762848,0.42874287428742874,0.15151515151515152,0.40727048675292665,0.4117140396210164,0.4090909090909093,0.3781697905181918,0.36074380165289255,0.08695652173913043,0.029126213592233007,0.0,0.10555555555555556,0.15384615384615383,0.4426666666666667,0.33571428571428574,0.6077127659574467,0.19685039370078738,0.3394594594594595,0.2985283812193413,0.34526854219948844,0.7185741088180112,0.15110098709187547,0.2160392798690671,0.609,0.5472067039106145,0.5235955056179776,0.8095238095238094,0.5631482611348383,0.6087738223660553,0.8780918727915196,0.3349514563106796,0.3125,0.242,0.10958904109589042,0.4444444444444444,50.0,False,False,False,False,True,False
Maghnes Akliouche,0.5384615384615384,0.6578050443081118,0.16176470588235292,0.26732673267326734,0.4285714285714286,0.3544554455445545,0.28063241106719367,0.37503750375037503,0.45454545454545453,0.36660505237215035,0.42147573930519666,0.5909090909090909,0.3533627342888644,0.3466942148760331,0.13043478260869568,0.34466019417475724,0.0,0.37222222222222223,0.10256410256410256,0.3546666666666667,0.25357142857142856,0.6023936170212766,0.08661417322834646,0.05297297297297297,0.43027330063069374,0.36572890025575444,0.50093808630394,0.048595292331055424,0.01800327332242226,0.136,0.3005586592178771,0.27699071812408405,0.7063492063492065,0.47284929835265405,0.4706939949658396,0.7579505300353359,0.18770226537216828,0.13749999999999998,0.19399999999999998,0.23287671232876714,0.2962962962962963,50.0,False,False,True,False,False,False
Xavi Simons,0.46153846153846156,0.43524199045671436,0.07352941176470588,0.15841584158415842,0.41428571428571426,0.42574257425742573,0.20158102766798422,0.14281428142814281,0.21212121212121213,0.33887861983980283,0.4300890037324146,0.7424242424242425,0.33076074972436603,0.3859504132231405,0.2608695652173913,0.2961165048543689,0.30303030303030304,0.25555555555555554,0.0,0.4293333333333333,0.275,0.4946808510638298,0.03937007874015748,0.06594594594594594,0.608969866853539,0.578005115089514,0.5853658536585366,0.13059984813971146,0.09983633387888706,0.324,0.2987895716945996,0.2664386907669761,0.6455026455026457,0.4179377669310555,0.40632865875584323,0.7173144876325088,0.156957928802589,0.125,0.21100000000000002,0.2808219178082192,0.25925925925925924,50.0,False,False,False,False,True,False
Karim Adeyemi,0.46153846153846156,0.24403544648943423,0.3897058823529412,0.36633663366336633,0.7285714285714286,0.4613861386138614,0.41501976284584985,0.6774677467746775,0.48484848484848486,0.2667898952556993,0.3284524834912431,0.6818181818181819,0.3026460859977949,0.30000000000000004,0.3043478260869566,0.18446601941747573,0.24242424242424243,0.3333333333333333,0.5897435897435898,0.06666666666666667,0.2142857142857143,0.36170212765957444,0.0,0.016216216216216217,0.6692361597757533,0.43222506393861887,0.3283302063789868,0.0721336370539104,0.0867430441898527,0.467,0.12160148975791434,0.0880312652662433,0.3492063492063493,0.26723611958511284,0.23948220064724918,0.5936395759717314,0.14563106796116507,0.14375,0.25,0.2054794520547945,0.2962962962962963,50.0,True,False,False,False,False,False
Nicolò Barella,0.6153846153846154,0.6997273346966598,0.08088235294117646,0.10891089108910891,0.4857142857142857,0.24554455445544554,0.07114624505928854,0.25712571257125716,0.2727272727272727,0.3749229821318546,0.36606373815676135,0.3636363636363637,0.37541345093715545,0.3289256198347108,0.08695652173913043,0.03398058252427185,0.0,0.23888888888888887,0.10256410256410256,0.47733333333333333,0.1142857142857143,0.6861702127659575,0.08661417322834646,0.03891891891891892,0.35318850735809393,0.3427109974424552,0.5909943714821764,0.07820804859529233,0.07528641571194762,0.382,0.498510242085661,0.4575476306790425,0.7195767195767198,0.670835875533862,0.6386192017259977,0.7279151943462899,0.40291262135922334,0.5125,0.32899999999999996,0.19178082191780824,0.48148148148148145,50.0,False,False,False,False,False,True
Marcus Thuram,0.48717948717948717,0.4884117246080436,0.44852941176470584,0.42574257425742573,0.7571428571428572,0.6891089108910892,0.5375494071146246,0.5271527152715272,0.3636363636363636,0.14017252002464572,0.20614412862474876,0.8636363636363639,0.15986769570011028,0.24710743801652893,0.2608695652173913,0.2718446601941748,0.15151515151515152,0.18333333333333335,0.23076923076923075,0.26666666666666666,0.01785714285714286,0.14494680851063832,0.07086614173228346,0.050810810810810805,0.4099509460406447,0.37084398976982097,0.5440900562851781,0.3151100987091876,0.3780687397708674,0.5329999999999999,0.12653631284916197,0.10053737176355643,0.4523809523809523,0.22696766320927392,0.20676015821646887,0.5936395759717314,0.16019417475728157,0.17500000000000002,0.28600000000000003,0.03424657534246576,0.48148148148148145,50.0,False,False,False,False,False,True
Castello Lukeba,0.41025641025641024,0.5783912747102932,0.029411764705882353,0.04950495049504951,0.4857142857142857,0.06534653465346535,0.0316205533596838,0.37503750375037503,0.45454545454545453,0.4128157732593961,0.40051679586563305,0.3636363636363637,0.38809261300992287,0.4090909090909091,0.1739130434782609,0.019417475728155338,0.0,0.044444444444444446,0.0,0.30666666666666664,0.4428571428571429,0.5997340425531915,0.6535433070866141,0.5545945945945946,0.11772950245269798,0.22250639386189255,0.9924953095684804,0.18071374335611237,0.2094926350245499,0.5,0.5780260707635008,0.5597459697117734,0.8386243386243387,0.1659548505186089,0.1449119021934556,0.530035335689046,0.027508090614886734,0.0,0.0,0.05479452054794521,0.2962962962962963,50.0,True,False,False,False,False,False
Nico Williams,0.38461538461538464,0.4113837764144513,0.23529411764705882,0.2871287128712871,0.5428571428571429,0.4851485148514852,0.3359683794466403,0.39123912391239124,0.3636363636363636,0.44547134935304994,0.534596612115992,0.6666666666666667,0.5887541345093715,0.5925619834710742,0.2173913043478261,0.3640776699029126,0.48484848484848486,0.3277777777777778,0.28205128205128205,0.17866666666666667,0.13214285714285715,0.5398936170212766,0.0,0.05189189189189189,0.8458304134548004,0.6406649616368286,0.4202626641651033,0.05922551252847381,0.07037643207855973,0.444,0.19795158286778394,0.1624816805080606,0.5000000000000002,0.3520439292251372,0.3013304566702625,0.5689045936395761,0.49190938511326865,0.39999999999999997,0.21100000000000002,0.07534246575342465,0.2962962962962963,50.0,False,True,False,False,False,False
Noni Madueke,0.41025641025641024,0.25119291070211314,0.16176470588235292,0.0891089108910891,0.6857142857142857,0.3801980198019802,0.29249011857707513,0.34623462346234624,0.15151515151515152,0.3675292667898952,0.4470284237726099,0.6818181818181819,0.406284454244763,0.3888429752066116,0.3043478260869566,0.28640776699029125,0.0,0.2888888888888889,0.0,0.37866666666666665,0.13214285714285715,0.24601063829787234,0.05511811023622048,0.06378378378378378,0.6348983882270497,0.4987212276214833,0.4465290806754222,0.11009870918754745,0.12111292962356791,0.455,0.19925512104283052,0.15984367366878358,0.46825396825396837,0.42525930445393534,0.3858324343761237,0.6413427561837456,0.5631067961165048,0.325,0.149,0.10273972602739725,0.2962962962962963,50.0,False,False,False,False,True,False
Álex Baena,0.4358974358974359,0.3721881390593047,0.08088235294117646,0.10891089108910891,0.5,0.3287128712871287,0.158102766798419,0.20702070207020704,0.21212121212121213,0.42637091805298827,0.47688774045363197,0.5606060606060608,0.40407938257993387,0.3900826446280992,0.2173913043478261,0.2524271844660194,0.1818181818181818,0.35,0.15384615384615383,0.24000000000000002,0.3285714285714286,0.3816489361702128,0.18110236220472442,0.07459459459459458,0.42817098808689563,0.329923273657289,0.4409005628517823,0.10782080485952925,0.06546644844517185,0.25,0.3043761638733705,0.26370297997068887,0.5952380952380952,0.4402074435631482,0.4210715569938871,0.7031802120141343,0.5372168284789643,0.60625,0.293,0.23287671232876714,0.3333333333333333,45.0,False,True,False,False,False,False
Petar Sucic,0.6153846153846154,0.4379686434901159,0.07352941176470588,0.07920792079207921,0.5285714285714286,0.2217821782178218,0.12252964426877472,0.27272727272727276,0.24242424242424243,0.46734442390634634,0.4829170255526845,0.43939393939393945,0.4355016538037486,0.4090909090909091,0.1739130434782609,0.0970873786407767,0.15151515151515152,0.17222222222222222,0.0,0.5920000000000001,0.1642857142857143,0.4175531914893617,0.03937007874015748,0.10486486486486486,0.5094604064470919,0.4450127877237851,0.5196998123827392,0.06757782839787396,0.09983633387888706,0.5710000000000001,0.4552141527001862,0.4388861748900831,0.8148148148148148,0.5573520439292251,0.5782092772384033,0.823321554770318,0.21521035598705504,0.22499999999999998,0.26899999999999996,0.13698630136986303,0.25925925925925924,45.0,False,False,False,False,False,True
Saïd El Mala,0.6153846153846154,0.5034083162917519,0.4411764705882352,0.5148514851485149,0.6142857142857143,0.6831683168316832,0.5652173913043479,0.51995199519952,0.45454545454545453,0.25816389402341344,0.36347975882859607,0.893939393939394,0.3219404630650496,0.3768595041322314,0.2173913043478261,0.8252427184466019,0.8484848484848485,0.20555555555555555,0.12820512820512822,0.2586666666666667,0.13214285714285715,0.2872340425531915,0.0,0.024864864864864868,0.6068675543097407,0.418158567774936,0.3677298311444653,0.11921032649962035,0.1276595744680851,0.447,0.06229050279329608,0.04738641914997558,0.41534391534391546,0.12690665039658328,0.11938151743976987,0.558303886925795,0.2896440129449838,0.2875,0.256,0.09589041095890412,0.14814814814814814,45.0,True,False,False,False,False,False
Jarell Quansah,0.46153846153846156,0.6209952283571916,0.11764705882352941,0.10891089108910891,0.5714285714285714,0.1386138613861386,0.12252964426877472,0.6666666666666666,0.48484848484848486,0.37461491065927294,0.39305196669537756,0.46969696969696967,0.34564498346196254,0.35206611570247937,0.13043478260869568,0.058252427184466014,0.0,0.06666666666666667,0.0,0.256,0.3785714285714286,0.4109042553191489,0.4330708661417323,0.3762162162162162,0.1478626489138052,0.1930946291560102,0.7467166979362101,0.18830675778283978,0.2618657937806874,0.603,0.5125698324022346,0.49858329262335127,0.8412698412698413,0.3261134838316046,0.3570658036677454,0.8321554770318021,0.1262135922330097,0.09999999999999999,0.2,0.0821917808219178,0.25925925925925924,45.0,True,False,False,False,False,False
Can Uzun,0.28205128205128205,0.2331288343558282,0.45588235294117646,0.297029702970297,0.9428571428571428,0.6277227722772277,0.5810276679841898,0.5853585358535854,0.30303030303030304,0.3693776956253851,0.3652024117140396,0.3787878787878788,0.2833517089305403,0.19008264462809918,0.2173913043478261,0.49029126213592233,0.24242424242424243,0.17222222222222222,0.20512820512820512,0.2746666666666666,0.053571428571428575,0.4773936170212766,0.11811023622047244,0.04216216216216216,0.5508058864751226,0.4475703324808184,0.4709193245778612,0.050873196659073645,0.07528641571194762,0.545,0.3432029795158287,0.2992672203224231,0.611111111111111,0.5369127516778524,0.492628550880978,0.6713780918727916,0.22491909385113268,0.14375,0.16699999999999998,0.4794520547945205,0.18518518518518517,45.0,True,False,False,False,False,False
Crysencio Summerville,0.5384615384615384,0.6816632583503749,0.13235294117647056,0.18811881188118812,0.4857142857142857,0.38811881188118813,0.21343873517786563,0.27782778277827785,0.30303030303030304,0.3333333333333333,0.42549526270456506,0.7575757575757576,0.3274531422271224,0.3400826446280992,0.13043478260869568,0.441747572815534,0.21212121212121213,0.24444444444444444,0.10256410256410256,0.4,0.20714285714285713,0.48005319148936165,0.11811023622047244,0.11783783783783784,0.6636299929922914,0.6406649616368286,0.5984990619136962,0.04935459377372817,0.0409165302782324,0.304,0.13221601489757914,0.12125061064973132,0.6428571428571428,0.1873093349603417,0.19705142035239123,0.7084805653710247,0.17637540453074435,0.15625,0.233,0.1506849315068493,0.3333333333333333,45.0,False,False,False,False,True,False
Pedro Porro,0.6153846153846154,0.7900477164280846,0.022058823529411763,0.0297029702970297,0.5,0.20396039603960398,0.10276679841897235,0.09360936093609362,0.0909090909090909,0.24953789279112754,0.24863623313235714,0.3939393939393939,0.28280044101433294,0.28264462809917357,0.08695652173913043,0.04854368932038835,0.0,0.14444444444444446,0.0,0.616,0.35714285714285715,0.47074468085106386,0.25196850393700787,0.3545945945945946,0.3721093202522775,0.38107416879795397,0.6322701688555348,0.09415337889141989,0.09983633387888706,0.43200000000000005,0.3565176908752328,0.2800195407914021,0.43650793650793657,0.4447834045149481,0.3728874505573534,0.5636042402826856,0.807443365695793,0.7062499999999999,0.226,0.08904109589041097,0.4074074074074074,45.0,False,False,False,False,True,False
Myles Lewis-Skelly,0.2564102564102564,0.07430129516019086,0.0,0.009900990099009901,0.4857142857142857,0.05148514851485149,0.0,0.0,0.15151515151515152,0.2276648182378312,0.21533161068044787,0.33333333333333354,0.2552370452039691,0.2772727272727273,0.6086956521739131,0.0,0.0,0.0,0.0,0.24000000000000002,0.2285714285714286,0.4162234042553192,0.10236220472440945,0.1535135135135135,0.35949544498948843,0.4117647058823529,0.7204502814258913,0.15261958997722094,0.1260229132569558,0.353,0.37495344506517686,0.37459697117733276,0.8756613756613756,0.24618669920683345,0.30204962243797195,0.9257950530035337,0.0,0.0,0.0,0.0,0.14814814814814814,45.0,False,False,False,False,True,False
Donyell Malen,0.7435897435897436,0.559986366734833,0.5602158432850295,0.7573581192316122,0.505605275553462,0.8140852427211633,0.6713819470173277,0.5527512242510167,0.5600279764198746,0.13709093463051306,0.14155830438916756,0.43939393939393945,0.14106226704840819,0.16286285974548725,0.336275573941715,0.5767438457211586,0.5086284417419603,0.11730255927147117,0.10906192253342512,0.06639786465693202,0.02983648475876454,0.1497930467724316,0.0,0.01371236521495589,0.353090141972939,0.18679834669127426,0.26741601631024114,0.10902181015604129,0.09038872052872714,0.3396825247291569,0.04026938268551143,0.034307665296525514,0.5005694746627387,0.1017293094573883,0.11833952313855728,0.68907007052158,0.0898587972384441,0.07927461139896373,0.20315402731983037,0.0577433071577439,0.4074074074074074,45.0,False,False,False,True,False,False
Ibrahima Konaté,0.6666666666666666,0.8929788684389911,0.022058823529411763,0.039603960396039604,0.4857142857142857,0.0693069306930693,0.047430830039525695,0.24992499249924993,0.30303030303030304,0.34627233518176215,0.3155325868504163,0.28787878787878796,0.3710033076074973,0.35041322314049583,0.08695652173913043,0.0,0.0,0.016666666666666666,0.0,0.37600000000000006,0.3,0.3537234042553192,0.5275590551181103,0.5967567567567567,0.15767344078486337,0.2404092071611253,0.8705440900562853,0.3697798025816249,0.5891980360065466,0.713,0.5023277467411545,0.4848070346849047,0.8227513227513227,0.16992068334350213,0.19093851132686085,0.7561837455830389,0.014563106796116505,0.01875,0.33299999999999996,0.0821917808219178,0.4074074074074074,45.0,False,False,False,False,True,False
Martin Baturina,0.48717948717948717,0.37116564417177916,0.25,0.09900990099009901,0.8428571428571429,0.3188118811881188,0.2055335968379447,0.642964296429643,0.21212121212121213,0.45563770794824393,0.46770025839793283,0.43939393939393945,0.4018743109151048,0.35082644628099174,0.2173913043478261,0.2524271844660194,0.5151515151515151,0.6055555555555556,0.15384615384615383,0.28533333333333327,0.10357142857142856,0.5571808510638298,0.08661417322834646,0.011891891891891892,0.570427470217239,0.5294117647058822,0.5666041275797373,0.05618830675778284,0.05564648117839607,0.375,0.36759776536312844,0.3489008304836346,0.7724867724867727,0.45881635143380106,0.48363897878460976,0.8250883392226149,0.2686084142394822,0.46875,0.44799999999999995,0.27397260273972607,0.25925925925925924,45.0,False,False,False,False,False,True
Ezri Konsa,0.6153846153846154,0.8711656441717791,0.0,0.039603960396039604,0.4428571428571429,0.06534653465346535,0.023715415019762848,0.0,0.3333333333333333,0.37553912507701787,0.35256962388745333,0.3181818181818181,0.3869900771775082,0.3512396694214876,0.08695652173913043,0.0,0.0,0.03333333333333333,0.0,0.13866666666666666,0.24285714285714288,0.3271276595744681,0.6062992125984252,0.39135135135135135,0.05606166783461807,0.14194373401534524,1.0,0.11237661351556567,0.15548281505728312,0.5710000000000001,0.4953445065176908,0.5138251099169517,0.978835978835979,0.08816351433801096,0.11974110032362459,0.7879858657243816,0.024271844660194174,0.01875,0.2,0.02054794520547945,0.48148148148148145,45.0,False,False,False,False,True,False
Malick Thiaw,0.6410256410256411,0.8466257668711656,0.08823529411764705,0.13861386138613863,0.4714285714285714,0.16831683168316833,0.1699604743083004,0.42874287428742874,0.5151515151515151,0.29975354282193467,0.2784955498133792,0.3181818181818181,0.334619625137817,0.3128099173553719,0.08695652173913043,0.014563106796116504,0.0,0.0,0.0,0.32266666666666666,0.33571428571428574,0.3776595744680851,0.7874015748031495,0.6043243243243243,0.07147862648913805,0.12404092071611252,0.8161350844277674,0.3895216400911162,0.5662847790507365,0.6509999999999999,0.3955307262569832,0.38426966292134834,0.8227513227513227,0.12355094569859669,0.14059690758719884,0.7084805653710247,0.03883495145631068,0.01875,0.125,0.02054794520547945,0.3333333333333333,45.0,False,False,False,False,True,False
Angelo Stiller,0.6153846153846154,0.7716428084526245,0.05147058823529412,0.09900990099009901,0.4428571428571429,0.1108910891089109,0.10276679841897235,0.35283528352835286,0.5454545454545454,0.35335797905113986,0.32472006890611543,0.30303030303030304,0.27728776185226023,0.2318181818181818,0.08695652173913043,0.014563106796116504,0.0909090909090909,0.14444444444444446,0.07692307692307691,0.39466666666666667,0.35000000000000003,0.5997340425531915,0.18110236220472442,0.16972972972972974,0.25367904695164684,0.3324808184143222,0.8086303939962476,0.16324981017463933,0.176759410801964,0.465,0.6284916201117318,0.5921836834391794,0.783068783068783,0.5927394752898109,0.5889967637540453,0.7738515901060071,0.2022653721682848,0.24375,0.316,0.17808219178082194,0.3333333333333333,45.0,True,False,False,False,False,False
Amadou Onana,0.38461538461538464,0.4376278118609407,0.07352941176470588,0.0891089108910891,0.5142857142857143,0.19207920792079208,0.1422924901185771,0.3159315931593159,0.2727272727272727,0.20055452865064693,0.19351134079816248,0.3636363636363637,0.13230429988974643,0.14256198347107438,0.1739130434782609,0.04854368932038835,0.0,0.02777777777777778,0.0,0.6186666666666667,0.4571428571428572,0.38962765957446804,0.6850393700787402,0.32540540540540536,0.30273300630693767,0.38618925831202044,0.8030018761726079,0.2498101746393318,0.3764320785597381,0.662,0.3196461824953445,0.30356619443087446,0.7645502645502648,0.1873093349603417,0.18590435095289462,0.6519434628975267,0.0,0.0,0.0,0.10273972602739725,0.3333333333333333,45.0,False,False,False,False,True,False
James Garner,0.717948717948718,1.0,0.03676470588235294,0.04950495049504951,0.5,0.23564356435643563,0.14624505928853757,0.13321332133213323,0.15151515151515152,0.28496611213801604,0.2716049382716049,0.3484848484848486,0.20011025358324144,0.187603305785124,0.04347826086956522,0.038834951456310676,0.0,0.07222222222222223,0.12820512820512822,0.808,0.5571428571428572,0.5465425531914894,0.2047244094488189,0.2421621621621622,0.40574632095304836,0.4872122762148337,0.7711069418386491,0.08048595292331055,0.1292962356792144,0.638,0.3564245810055866,0.33649242794333173,0.7592592592592594,0.36516168395363025,0.39554117224020136,0.8321554770318021,0.3155339805825243,0.29374999999999996,0.243,0.17808219178082194,0.3333333333333333,45.0,False,False,False,False,True,False
Tino Livramento,0.1794871794871795,0.289025221540559,0.0,0.009900990099009901,0.4857142857142857,0.039603960396039604,0.0,0.0,0.15151515151515152,0.27726432532347506,0.3051966695377548,0.5303030303030303,0.2761852260198457,0.28181818181818186,0.2608695652173913,0.03398058252427185,0.0,0.03888888888888889,0.0,0.36266666666666664,0.14642857142857144,0.6316489361702128,0.11023622047244096,0.28540540540540543,0.3041345480028031,0.33375959079283885,0.6772983114446528,0.07896735003796508,0.09983633387888706,0.5,0.32830540037243944,0.31773326819736203,0.8015873015873016,0.38255033557046975,0.4329377921610931,0.8957597173144878,0.39482200647249194,0.38125,0.25,0.09589041095890412,0.2962962962962963,45.0,False,False,False,False,True,False
Jørgen Strand Larsen,0.6666666666666666,0.6257668711656442,0.11764705882352941,0.2079207920792079,0.4285714285714286,0.33861386138613864,0.21343873517786563,0.27272727272727276,0.3636363636363636,0.01139864448552063,0.0,0.2272727272727273,0.002756339581036386,0.04462809917355372,0.08695652173913043,0.11165048543689321,0.0,0.022222222222222223,0.0,0.05866666666666666,0.05714285714285715,0.09308510638297872,0.2125984251968504,0.16,0.26559215136650316,0.08695652173913043,0.14821763602251406,0.5884586180713743,0.5090016366612111,0.392,0.0946927374301676,0.05442110405471421,0.15873015873015875,0.1076876143990238,0.08342322905429701,0.4134275618374558,0.01941747572815534,0.0,0.0,0.10958904109589042,0.37037037037037035,45.0,False,False,False,False,True,False
Strahinja Pavlovic,0.6153846153846154,0.814587593728698,0.11764705882352941,0.10891089108910891,0.5714285714285714,0.16237623762376238,0.07509881422924902,0.576957695769577,0.42424242424242425,0.39648798521256934,0.4137238013207006,0.4545454545454546,0.4724366041896362,0.49338842975206615,0.13043478260869568,0.0,0.0,0.12222222222222222,0.07692307692307691,0.41600000000000004,0.225,0.3058510638297872,0.3464566929133858,0.39675675675675676,0.23405746320953047,0.28005115089514065,0.7279549718574109,0.2862566438876234,0.36006546644844517,0.556,0.45586592178770946,0.44777723497801664,0.8544973544973545,0.16564978645515557,0.1779935275080906,0.7067137809187279,0.07605177993527508,0.09999999999999999,0.33299999999999996,0.02054794520547945,0.3333333333333333,40.0,False,False,False,False,False,True
Scott McTominay,0.5897435897435898,0.7883435582822086,0.23529411764705882,0.3465346534653465,0.45714285714285713,0.6435643564356436,0.4347826086956522,0.29702970297029707,0.3333333333333333,0.303758471965496,0.3037611254665518,0.3939393939393939,0.27122381477398017,0.2809917355371901,0.13043478260869568,0.3300970873786408,0.1818181818181818,0.08888888888888889,0.0,0.20533333333333334,0.24285714285714288,0.4627659574468085,0.3307086614173228,0.16756756756756758,0.39803784162578837,0.38235294117647056,0.5872420262664165,0.18451025056947606,0.25368248772504093,0.593,0.31499068901303534,0.30581338544211045,0.8042328042328044,0.21873093349603415,0.24020136641495862,0.7773851590106008,0.05177993527508091,0.0375,0.2,0.08904109589041097,0.5185185185185185,40.0,False,False,False,False,False,True
Maximilian Beier,0.5641025641025641,0.5303340149965917,0.29411764705882354,0.32673267326732675,0.6,0.4376237623762376,0.3478260869565218,0.54005400540054,0.45454545454545453,0.1179913739987677,0.12173413723801318,0.43939393939393945,0.12844542447629548,0.14338842975206612,0.13043478260869568,0.1699029126213592,0.12121212121212122,0.15,0.10256410256410256,0.272,0.22142857142857145,0.30718085106382975,0.10236220472440945,0.10054054054054054,0.4106517168885775,0.268542199488491,0.348968105065666,0.2012148823082764,0.1734860883797054,0.375,0.15828677839851024,0.11245725451880803,0.314814814814815,0.2712019524100061,0.22042430780294858,0.5053003533568904,0.20064724919093851,0.056249999999999994,0.071,0.1506849315068493,0.2962962962962963,40.0,True,False,False,False,False,False
Djed Spence,0.5128205128205128,0.5371506475800955,0.0,0.039603960396039604,0.4428571428571429,0.11287128712871286,0.1383399209486166,0.0,0.21212121212121213,0.3441158348736907,0.4120011484352569,0.6515151515151516,0.3340683572216097,0.38057851239669427,0.1739130434782609,0.10679611650485436,0.0,0.12222222222222222,0.0,0.4799999999999999,0.2821428571428572,0.547872340425532,0.10236220472440945,0.24648648648648647,0.491240364400841,0.43222506393861887,0.5253283302063789,0.14882308276385728,0.1653027823240589,0.469,0.2757914338919925,0.2385930630190523,0.5899470899470899,0.27150701647345943,0.2553038475368572,0.6413427561837456,0.36084142394822005,0.27499999999999997,0.196,0.0,0.37037037037037035,40.0,False,False,False,False,True,False
Moise Kean,0.41025641025641024,0.5320381731424676,0.25735294117647056,0.6534653465346535,0.05714285714285712,0.8554455445544555,0.47035573122529645,0.24482448244824484,0.45454545454545453,0.08502772643253236,0.11570485213896066,0.6969696969696969,0.09592061742006615,0.1652892561983471,0.2173913043478261,0.6407766990291263,0.2727272727272727,0.0,0.0,0.034666666666666665,0.11071428571428572,0.10106382978723405,0.031496062992125984,0.07675675675675675,0.3847231955150666,0.3069053708439897,0.4615384615384615,0.18375094912680334,0.19476268412438624,0.45799999999999996,0.003724394785847303,0.0,0.36507936507936506,0.017388651616839543,0.02912621359223301,0.5141342756183745,0.05016181229773463,0.0,0.0,0.06164383561643835,0.37037037037037035,40.0,False,False,False,False,False,True
Eric García,0.6153846153846154,0.7668711656441718,0.022058823529411763,0.09900990099009901,0.41428571428571426,0.16237623762376238,0.09090909090909093,0.12001200120012002,0.3636363636363636,0.2754158964879852,0.23743898937697389,0.2272727272727273,0.27894156560088207,0.2553719008264463,0.08695652173913043,0.06310679611650485,0.0,0.11111111111111112,0.0,0.616,0.5642857142857144,0.39760638297872347,0.18110236220472442,0.27783783783783783,0.2529782761037141,0.3005115089514066,0.7279549718574109,0.1890660592255125,0.23731587561374792,0.5429999999999999,0.6373370577281192,0.6309721543722521,0.8915343915343916,0.4496644295302013,0.5131247752606976,0.9275618374558304,0.0744336569579288,0.01875,0.071,0.15753424657534248,0.3333333333333333,40.0,False,True,False,False,False,False
Cristhian Mosquera,0.2564102564102564,0.17348329925017042,0.0,0.009900990099009901,0.4857142857142857,0.01782178217821782,0.0,0.0,0.30303030303030304,0.3330252618607517,0.32184898076370944,0.3636363636363637,0.4029768467475193,0.36652892561983474,0.3478260869565218,0.0,0.0,0.0,0.0,0.7413333333333334,0.26071428571428573,0.31249999999999994,0.4330708661417323,0.46270270270270275,0.32165381920112124,0.3491048593350384,0.6716697936210131,0.31814730447987855,0.2978723404255319,0.41700000000000004,0.45260707635009306,0.44758182706399613,0.8677248677248677,0.22147651006711408,0.27795756921970516,0.9328621908127209,0.043689320388349516,0.056249999999999994,0.33299999999999996,0.06164383561643835,0.2222222222222222,40.0,False,False,False,False,True,False
Christoph Baumgartner,0.5897435897435898,0.7869802317655078,0.30882352941176466,0.49504950495049505,0.3857142857142857,0.5168316831683168,0.44664031620553357,0.4815481548154816,0.5757575757575757,0.14325323475046212,0.1475739305196669,0.43939393939393945,0.1455347298787211,0.15950413223140497,0.08695652173913043,0.09223300970873786,0.0909090909090909,0.10555555555555556,0.07692307692307691,0.4293333333333333,0.24285714285714288,0.38696808510638303,0.10236220472440945,0.15027027027027026,0.3987386124737211,0.2966751918158567,0.4202626641651033,0.27790432801822323,0.31096563011456624,0.496,0.25279329608938544,0.2009770395701026,0.4550264550264551,0.25838926174496646,0.18985976267529664,0.4204946996466431,0.025889967637540454,0.0375,0.4,0.3972602739726027,0.4074074074074074,40.0,True,False,False,False,False,False
Nico González,1.0,0.8657123381049762,0.1325598948188547,0.1444036456625795,0.5491911069063385,0.33562258212576224,0.2583684527393137,0.2790355525618787,0.2244130042143285,0.29812729268422056,0.296188678025528,0.4465382299819389,0.3087784852179881,0.3165331673143233,0.2592283328534409,0.17251173407059733,0.0,0.049370860927152274,0.0,0.48996379690949243,0.3828855250709556,0.5001642419332112,0.21089065025812173,0.2287818149275103,0.45575792311940483,0.43642299419047764,0.5968894052160084,0.30980856552369174,0.4054584277213558,0.5741976821192053,0.42962897875121786,0.39808726710385417,0.659256631276499,0.3910447535041962,0.3885076357782588,0.6946651299932138,0.14428620416211232,0.07659147350993374,0.22619006622516555,0.08393586138074932,0.2962962962962963,40.0,False,False,False,True,False,False
Michael Kayode,0.6923076923076923,0.9488752556237219,0.022058823529411763,0.0297029702970297,0.5,0.04950495049504951,0.0316205533596838,0.3333333333333333,0.3939393939393939,0.21811460258780035,0.26069480333046224,0.6212121212121212,0.21278941565600884,0.2363636363636364,0.08695652173913043,0.038834951456310676,0.0,0.10555555555555556,0.0,0.4586666666666667,0.37500000000000006,0.49867021276595747,0.28346456692913385,0.2951351351351351,0.44428871758934835,0.489769820971867,0.699812382739212,0.12908124525436598,0.18494271685761043,0.603,0.20921787709497205,0.1950170981924768,0.7010582010582012,0.10616229408175715,0.11542610571736785,0.6413427561837456,0.24919093851132687,0.24375,0.25,0.0410958904109589,0.2222222222222222,40.0,False,False,False,False,True,False
Jobe Bellingham,0.5641025641025641,0.4444444444444444,0.0,0.04950495049504951,0.4285714285714286,0.1900990099009901,0.11857707509881424,0.0,0.1818181818181818,0.28589032655576097,0.2704565030146425,0.33333333333333354,0.22436604189636164,0.1859504132231405,0.13043478260869568,0.07281553398058252,0.0,0.02777777777777778,0.0,0.5573333333333335,0.6857142857142857,0.6595744680851064,0.31496062992125984,0.1362162162162162,0.37140854940434476,0.3938618925831202,0.6585365853658536,0.14730447987851178,0.19803600654664483,0.5710000000000001,0.40856610800744875,0.3851489985344407,0.7645502645502648,0.3730933496034167,0.38798993167925205,0.7862190812720848,0.03236245954692557,0.0,0.0,0.10273972602739725,0.18518518518518517,40.0,True,False,False,False,False,False
Josip Stanisic,0.41025641025641024,0.46864349011588274,0.07352941176470588,0.06930693069306931,0.5428571428571429,0.06732673267326733,0.07509881422924902,0.8571857185718572,0.5757575757575757,0.33857054836722117,0.345679012345679,0.42424242424242437,0.3787210584343992,0.3677685950413223,0.1739130434782609,0.024271844660194174,0.0,0.21666666666666667,0.12820512820512822,0.328,0.3107142857142857,0.4441489361702128,0.30708661417322836,0.32,0.15837421163279605,0.1815856777493606,0.6641651031894936,0.14123006833712984,0.19803600654664483,0.595,0.48463687150837986,0.4688812896922326,0.828042328042328,0.5884685784014643,0.6479683567062209,0.9081272084805656,0.25889967637540456,0.18124999999999997,0.182,0.13013698630136986,0.37037037037037035,40.0,True,False,False,False,False,False
Lewis Hall,0.5128205128205128,0.5790729379686435,0.029411764705882353,0.039603960396039604,0.5,0.20396039603960398,0.09881422924901187,0.12001200120012002,0.12121212121212122,0.3373382624768947,0.3468274476026414,0.43939393939393945,0.3649393605292172,0.3409090909090909,0.13043478260869568,0.10194174757281553,0.0,0.06666666666666667,0.0,0.56,0.41428571428571426,0.636968085106383,0.45669291338582674,0.3437837837837838,0.536790469516468,0.5805626598465473,0.6923076923076924,0.1685649202733485,0.1751227495908347,0.44799999999999995,0.4012104283054003,0.3674645823155838,0.708994708994709,0.4063453325198292,0.41208198489751885,0.765017667844523,0.4077669902912622,0.28125,0.18,0.0821917808219178,0.2222222222222222,40.0,False,False,False,False,True,False
Marcus Rashford,0.5641025641025641,0.43660531697341515,0.3014705882352941,0.37623762376237624,0.5428571428571429,0.7683168316831683,0.5849802371541503,0.3159315931593159,0.30303030303030304,0.3693776956253851,0.45363192650014356,0.6969696969696969,0.39140022050716644,0.4359504132231405,0.2173913043478261,0.5728155339805825,0.15151515151515152,0.22777777777777775,0.12820512820512822,0.07466666666666666,0.03571428571428572,0.20079787234042554,0.11811023622047244,0.07783783783783783,0.43938332165381927,0.29539641943734013,0.36210131332082557,0.02505694760820046,0.03273322422258593,0.4,0.2841713221601489,0.26077186126038104,0.6931216931216932,0.5930445393532642,0.60913340524991,0.8144876325088339,0.41423948220064727,0.1625,0.1,0.06849315068493152,0.48148148148148145,40.0,False,True,False,False,False,False
Jorrel Hato,0.3076923076923077,0.2256305385139741,0.0,0.019801980198019802,0.4714285714285714,0.06336633663366337,0.0,0.0,0.24242424242424243,0.22057917436845348,0.17398794142980187,0.15151515151515152,0.17750826901874314,0.15330578512396695,0.2608695652173913,0.038834951456310676,0.0,0.0,0.0,0.7226666666666667,0.5071428571428571,0.4255319148936171,0.4330708661417323,0.3318918918918919,0.31534688156972673,0.33759590792838867,0.6585365853658536,0.18982536066818528,0.20621931260229132,0.47100000000000003,0.47467411545623833,0.4726917440156327,0.8862433862433863,0.1696156192800488,0.20316432937792162,0.8215547703180213,0.08899676375404532,0.19999999999999998,0.5710000000000001,0.05479452054794521,0.14814814814814814,40.0,False,False,False,False,True,False
Jarrad Branthwaite,0.0,0.06850715746421268,0.09558823529411764,0.04950495049504951,0.6285714285714286,0.15643564356435644,0.10276679841897235,0.5001500150015002,0.1818181818181818,0.2680221811460259,0.26442721791559,0.3787878787878788,0.32910694597574425,0.3404958677685951,0.6086956521739131,0.06310679611650485,0.0,0.07222222222222223,0.0,0.424,0.5178571428571429,0.4109042553191489,0.2047244094488189,0.585945945945946,0.10371408549404346,0.12020460358056266,0.6378986866791745,0.3675018982536067,0.6481178396072013,0.789,0.3482309124767225,0.3132388861748901,0.6693121693121693,0.2510677242220866,0.2445163610212154,0.6678445229681979,0.06472491909385114,0.0,0.0,0.0,0.2962962962962963,40.0,False,False,False,False,True,False
Jamie Leweling,0.5641025641025641,0.6458759372869802,0.19852941176470587,0.15841584158415842,0.6428571428571428,0.36831683168316837,0.2687747035573123,0.42874287428742874,0.2727272727272727,0.3394947627849661,0.42549526270456506,0.7272727272727274,0.3180815876515987,0.35826446280991736,0.1739130434782609,0.5339805825242718,0.24242424242424243,0.5055555555555555,0.5897435897435898,0.18666666666666665,0.1892857142857143,0.3909574468085107,0.06299212598425197,0.12324324324324323,0.38612473721093205,0.35421994884910485,0.5515947467166981,0.0698557327258922,0.07364975450081833,0.414,0.18305400372439473,0.15026868588177825,0.5000000000000002,0.27791336180597925,0.2484717727436174,0.5936395759717314,0.7475728155339806,0.73125,0.254,0.2054794520547945,0.3333333333333333,40.0,True,False,False,False,False,False
Trevoh Chalobah,0.6153846153846154,0.7845944103612815,0.07352941176470588,0.04950495049504951,0.5714285714285714,0.10297029702970298,0.0632411067193676,0.5625562556255626,0.2727272727272727,0.251694393099199,0.20298593166810222,0.16666666666666663,0.23484013230429993,0.2,0.08695652173913043,0.014563106796116504,0.0,0.0,0.0,0.26666666666666666,0.4035714285714286,0.4135638297872341,0.4094488188976378,0.6227027027027027,0.07568325157673442,0.12787723785166238,0.8067542213883677,0.31814730447987855,0.397708674304419,0.556,0.6040037243947859,0.6049829018075232,0.9126984126984128,0.1262965222696766,0.14383315354189138,0.7137809187279154,0.025889967637540454,0.01875,0.2,0.08904109589041097,0.4074074074074074,40.0,False,False,False,False,True,False
Tom Bischof,0.41025641025641024,0.2774369461486026,0.15441176470588233,0.1188118811881188,0.6285714285714286,0.41386138613861384,0.24901185770750991,0.3000300030003,0.1818181818181818,0.41312384473197783,0.35630203847258113,0.21212121212121218,0.354465270121279,0.2838842975206612,0.2173913043478261,0.1359223300970874,0.21212121212121213,0.2333333333333333,0.358974358974359,0.44800000000000006,0.37142857142857144,0.5957446808510638,0.2755905511811023,0.0972972972972973,0.27189908899789766,0.2570332480818414,0.5666041275797373,0.06529992406985574,0.1260229132569558,0.733,0.6778398510242086,0.6736687835857351,0.902116402116402,0.7751677852348993,0.8612010068320748,0.9452296819787986,0.19093851132686085,0.17500000000000002,0.235,0.14383561643835616,0.18518518518518517,40.0,True,False,False,False,False,False
Youri Tielemans,0.38461538461538464,0.4710293115201091,0.0,0.0594059405940594,0.41428571428571426,0.22970297029702968,0.13438735177865616,0.0,0.15151515151515152,0.20918052988293287,0.2107378696525983,0.4090909090909093,0.21168687982359424,0.21239669421487606,0.1739130434782609,0.07281553398058252,0.0,0.13333333333333333,0.0,0.712,0.3107142857142857,0.5053191489361702,0.5354330708661418,0.09945945945945947,0.455501051156272,0.5447570332480818,0.774859287054409,0.12984054669703873,0.1734860883797054,0.564,0.4243947858472998,0.38651685393258434,0.6984126984126986,0.4426479560707749,0.4192736425746134,0.6925795053003535,0.18770226537216828,0.2125,0.292,0.4315068493150685,0.48148148148148145,40.0,False,False,False,False,True,False
Yasin Ayari,0.48717948717948717,0.49216087252897067,0.10294117647058824,0.12871287128712872,0.5142857142857143,0.3801980198019802,0.1857707509881423,0.21962196219621966,0.21212121212121213,0.24399260628465802,0.20556991099626756,0.21212121212121218,0.15049614112458656,0.14669421487603307,0.13043478260869568,0.20388349514563106,0.2727272727272727,0.02777777777777778,0.0,0.552,0.4357142857142857,0.6728723404255319,0.14960629921259844,0.1210810810810811,0.4821303433777155,0.4398976982097186,0.5515947467166981,0.07896735003796508,0.06873977086743044,0.34600000000000003,0.33575418994413403,0.3125549584758183,0.7301587301587301,0.16656497864551553,0.17331895001797915,0.676678445229682,0.07605177993527508,0.03125,0.1,0.03424657534246576,0.25925925925925924,40.0,False,False,False,False,True,False
Brian Brobbey,0.5384615384615384,0.494546693933197,0.2426470588235294,0.27722772277227725,0.5714285714285714,0.3326732673267327,0.33201581027667987,0.5832583258325833,0.48484848484848486,0.03450400492914355,0.028423772609819126,0.33333333333333354,0.021499448732083797,0.04256198347107438,0.08695652173913043,0.1359223300970874,0.15151515151515152,0.049999999999999996,0.0,0.07733333333333332,0.0,0.17420212765957446,0.22047244094488191,0.07567567567567567,0.26419060967063773,0.16368286445012784,0.34521575984990627,0.47835990888382696,0.49590834697217673,0.46799999999999997,0.03566108007448789,0.02383976551050318,0.35714285714285715,0.0774862721171446,0.06832074793239841,0.46113074204947,0.014563106796116505,0.0,0.0,0.0,0.2962962962962963,40.0,False,False,False,False,True,False
Boubacar Kamara,0.20512820512820512,0.31970006816632585,0.044117647058823525,0.0297029702970297,0.5428571428571429,0.08712871287128714,0.09881422924901187,0.42874287428742874,0.21212121212121213,0.2655576093653728,0.22796439850703412,0.2272727272727273,0.21168687982359424,0.19669421487603306,0.2173913043478261,0.029126213592233007,0.0,0.03333333333333333,0.0,0.5920000000000001,0.40714285714285714,0.4507978723404255,0.3464566929133858,0.1372972972972973,0.5206727400140154,0.5332480818414322,0.6435272045028142,0.25588458618071375,0.3731587561374795,0.643,0.3997206703910614,0.38143624816805083,0.7883597883597884,0.34929835265405734,0.38295577130528585,0.8427561837455831,0.00970873786407767,0.0,0.0,0.17123287671232876,0.4074074074074074,40.0,False,False,False,False,True,False
Senny Mayulu,0.41025641025641024,0.40933878663940015,0.15441176470588233,0.21782178217821782,0.5,0.37029702970297035,0.233201581027668,0.34293429342934295,0.3636363636363636,0.3022181146025878,0.3123743898937697,0.43939393939393945,0.19845644983461966,0.171900826446281,0.1739130434782609,0.23300970873786406,0.0,0.23888888888888887,0.12820512820512822,0.6506666666666666,0.21071428571428572,0.48537234042553185,0.03937007874015748,0.02918918918918919,0.4968465311843028,0.459079283887468,0.5609756097560976,0.07972665148063782,0.07037643207855973,0.348,0.29860335195530724,0.2914509037616023,0.8121693121693123,0.3849908480780964,0.41603739661992084,0.8374558303886928,0.21682847896440133,0.23124999999999998,0.28,0.07534246575342465,0.14814814814814814,40.0,False,False,True,False,False,False
Anthony Elanga,0.5641025641025641,0.28391274710293113,0.0,0.10891089108910891,0.34285714285714286,0.23168316831683167,0.10671936758893281,0.0,0.30303030303030304,0.27079482439926067,0.35630203847258113,0.7878787878787881,0.34454244762954794,0.4260330578512397,0.3478260869565218,0.19902912621359223,0.0,0.22777777777777775,0.1794871794871795,0.22133333333333333,0.075,0.19281914893617022,0.0,0.04432432432432432,0.42957252978276106,0.3388746803069054,0.4559099437148218,0.1685649202733485,0.14566284779050737,0.371,0.18817504655493483,0.16404494382022472,0.5899470899470899,0.31086028065893834,0.3106796116504854,0.7190812720848058,0.7540453074433657,0.46875,0.162,0.14383561643835616,0.2962962962962963,40.0,False,False,False,False,True,False
Khéphren Thuram,0.6410256410256411,0.6724608043626449,0.08088235294117646,0.10891089108910891,0.5,0.3623762376237624,0.2173913043478261,0.18001800180018002,0.1818181818181818,0.39926062846580407,0.45363192650014356,0.5757575757575759,0.3925027563395811,0.44049586776859506,0.1739130434782609,0.1941747572815534,0.0,0.20555555555555555,0.28205128205128205,0.552,0.15714285714285717,0.4867021276595745,0.25984251968503935,0.1145945945945946,0.3048353188507358,0.329923273657289,0.6641651031894936,0.18982536066818528,0.2225859247135843,0.507,0.4310986964618249,0.4025403028822668,0.7486772486772486,0.4444783404514948,0.4494786048184106,0.7703180212014133,0.10032362459546926,0.06874999999999999,0.17600000000000002,0.3287671232876712,0.3333333333333333,38.0,False,False,False,False,False,True
Giorgio Scalvini,0.358974358974359,0.4556918882072256,0.1102941176470588,0.12871287128712872,0.5285714285714286,0.18613861386138614,0.11857707509881424,0.47374737473747375,0.42424242424242425,0.23321010474430068,0.2121734137238013,0.30303030303030304,0.25689084895259096,0.26239669421487605,0.1739130434782609,0.04854368932038835,0.0,0.08333333333333333,0.0,0.5866666666666667,0.7607142857142857,0.5598404255319149,0.4645669291338582,0.39135135135135135,0.3419761737911703,0.3273657289002557,0.5797373358348968,0.2422171602126044,0.3404255319148936,0.618,0.47476722532588445,0.44904738641915,0.777777777777778,0.3340451494813911,0.3333333333333333,0.7261484098939929,0.04854368932038835,0.03125,0.16699999999999998,0.03424657534246576,0.25925925925925924,38.0,False,False,False,False,False,True
Bruno Fernandes,0.6410256410256411,0.8813905930470347,0.19117647058823528,0.31683168316831684,0.4285714285714286,0.49504950495049505,0.2766798418972332,0.31773177317731777,0.3939393939393939,0.25693160813308685,0.2650014355440712,0.43939393939393945,0.27067254685777287,0.2892561983471074,0.08695652173913043,0.1699029126213592,0.0,0.2777777777777778,0.23076923076923075,0.3893333333333333,0.21071428571428572,0.5531914893617021,0.11811023622047244,0.13297297297297297,0.3111422564821304,0.26982097186700765,0.5140712945590995,0.10706150341685651,0.10147299509001637,0.389,0.46126629422718807,0.40371275036638987,0.6269841269841271,0.6683953630262355,0.6296296296296295,0.7155477031802121,0.36084142394822005,0.425,0.303,0.7808219178082191,0.5925925925925926,35.0,False,False,False,False,True,False
Sven Botman,0.38461538461538464,0.46284935241990455,0.03676470588235294,0.0891089108910891,0.4428571428571429,0.14455445544554454,0.0790513833992095,0.20012001200120014,0.3636363636363636,0.2988293284041898,0.24318116566178583,0.16666666666666663,0.25027563395810365,0.18016528925619835,0.13043478260869568,0.0,0.0,0.02777777777777778,0.0,0.25333333333333335,0.4714285714285715,0.47473404255319146,1.0,0.745945945945946,0.08199018920812894,0.15856777493606133,0.9193245778611633,0.48823082763857256,0.6972176759410801,0.644,0.4588454376163873,0.429799706888129,0.7566137566137565,0.01677852348993288,0.003236245954692551,0.21554770318021207,0.016181229773462785,0.0,0.0,0.0,0.37037037037037035,35.0,False,False,False,False,True,False
Alessandro Buongiorno,0.5897435897435898,0.6949556918882073,0.0,0.04950495049504951,0.4285714285714286,0.05742574257425742,0.04347826086956522,0.0,0.5454545454545454,0.3213185459026494,0.27878265862761986,0.2272727272727273,0.2618522601984564,0.2359504132231405,0.08695652173913043,0.0,0.0,0.0,0.0,0.27999999999999997,0.5107142857142857,0.44813829787234044,0.30708661417322836,0.43675675675675674,0.16818500350385426,0.15345268542199483,0.5365853658536586,0.2984054669703873,0.4386252045826514,0.652,0.5313780260707635,0.5208597948216903,0.8597883597883599,0.14124466137888952,0.15462064005753323,0.6978798586572439,0.03398058252427184,0.043750000000000004,0.33299999999999996,0.027397260273972605,0.4074074074074074,35.0,False,False,False,False,False,True
Jean-Philippe Mateta,0.5641025641025641,0.5937286980231765,0.36029411764705876,0.5841584158415841,0.35714285714285715,0.504950495049505,0.5138339920948617,0.5715571557155716,0.696969696969697,0.05083179297597042,0.054263565891472874,0.4545454545454546,0.06835722160970231,0.1012396694214876,0.13043478260869568,0.19902912621359223,0.0,0.044444444444444446,0.0,0.07466666666666666,0.08571428571428572,0.20877659574468088,0.15748031496062992,0.20108108108108108,0.22284512964260686,0.10613810741687979,0.2645403377110694,0.4935459377372817,0.44353518821603927,0.406,0.03510242085661079,0.01123595505617978,0.09788359788359796,0.06131787675411836,0.02840704782452355,0.21908127208480566,0.07281553398058253,0.125,0.455,0.10958904109589042,0.48148148148148145,35.0,False,False,False,False,True,False
Jeremie Frimpong,0.28205128205128205,0.19052488070892978,0.0,0.039603960396039604,0.4428571428571429,0.1722772277227723,0.06719367588932808,0.0,0.15151515151515152,0.325939617991374,0.385587137525122,0.6363636363636366,0.4608599779492833,0.4834710743801653,0.391304347826087,0.0,0.0,0.3833333333333333,0.23076923076923075,0.21866666666666665,0.18571428571428572,0.5,0.0,0.12216216216216215,0.475823405746321,0.4373401534526854,0.5572232645403378,0.0979498861047836,0.09983633387888706,0.41200000000000003,0.27197392923649905,0.2493404982901808,0.6904761904761904,0.3904820012202563,0.4199928083423229,0.8321554770318021,0.7152103559870551,0.5937499999999999,0.21600000000000003,0.0,0.37037037037037035,35.0,False,False,False,False,True,False
Jamie Gittens,0.15384615384615385,0.0034083162917518746,0.0,0.1485148514851485,0.2857142857142857,0.3643564356435644,0.14624505928853757,0.0,0.24242424242424243,0.3512014787430684,0.4487510766580534,0.7575757575757576,0.3263506063947078,0.3495867768595042,0.8695652173913044,0.35436893203883496,0.0,0.6111111111111112,0.9487179487179487,0.3573333333333333,0.13214285714285715,0.2686170212765957,0.14173228346456693,0.05945945945945946,0.4933426769446391,0.5652173913043478,0.7392120075046906,0.12604403948367504,0.09001636661211129,0.3,0.17113594040968344,0.1453834880312653,0.5476190476190478,0.26937156802928613,0.2545846817691478,0.646643109540636,0.38673139158576053,0.34375,0.231,0.2534246575342466,0.2222222222222222,35.0,False,False,False,False,True,False
Kiernan Dewsbury-Hall,0.5384615384615384,0.734492160872529,0.19852941176470587,0.1485148514851485,0.6857142857142857,0.2633663366336634,0.20158102766798422,0.6153615361536154,0.3333333333333333,0.22427603203943317,0.25897215044501865,0.5757575757575759,0.22216097023153253,0.27438016528925624,0.13043478260869568,0.13106796116504854,0.21212121212121213,0.2111111111111111,0.1794871794871795,0.44,0.14642857142857144,0.5106382978723404,0.11023622047244096,0.10378378378378378,0.4491941135248773,0.4335038363171355,0.5928705440900562,0.10554290053151102,0.11783960720130932,0.457,0.24255121042830535,0.21602344894968248,0.634920634920635,0.3904820012202563,0.38295577130528585,0.7208480565371025,0.28802588996763756,0.2125,0.192,0.2123287671232877,0.4444444444444444,35.0,False,False,False,False,True,False
Lucas Bergvall,0.3333333333333333,0.1656441717791411,0.06617647058823528,0.12871287128712872,0.4428571428571429,0.2217821782178218,0.1857707509881423,0.24992499249924993,0.3636363636363636,0.2513863216266174,0.30778064886592016,0.6666666666666667,0.19845644983461966,0.24462809917355374,0.4347826086956522,0.0,0.0,0.15555555555555556,0.23076923076923075,0.512,0.06785714285714287,0.38430851063829785,0.14960629921259844,0.1308108108108108,0.4695164681149264,0.407928388746803,0.5159474671669794,0.12072892938496584,0.07692307692307691,0.263,0.18091247672253258,0.1603321934538349,0.611111111111111,0.23215375228798046,0.21898597626752964,0.6289752650176678,0.3009708737864078,0.17500000000000002,0.15,0.19178082191780824,0.14814814814814814,35.0,False,False,False,False,True,False
Joshua Kimmich,0.48717948717948717,0.6134969325153374,0.058823529411764705,0.09900990099009901,0.4714285714285714,0.21980198019801983,0.15415019762845852,0.21422142214221424,0.2727272727272727,0.7378311768330252,0.6732701693942004,0.2727272727272729,0.5369349503858876,0.4140495867768595,0.13043478260869568,0.0970873786407767,0.0,0.11111111111111112,0.0,0.3013333333333333,0.3535714285714286,0.5159574468085106,0.1889763779527559,0.07675675675675675,0.18079887876664333,0.20716112531969305,0.6735459662288932,0.04328018223234625,0.0458265139116203,0.368,0.890316573556797,0.877772349780166,0.8968253968253971,0.937156802928615,0.9629629629629629,0.8480565371024735,0.24919093851132687,0.31875,0.33299999999999996,0.8904109589041096,0.5555555555555556,35.0,True,False,False,False,False,False
Frenkie de Jong,0.38461538461538464,0.39229720518064076,0.044117647058823525,0.0594059405940594,0.4857142857142857,0.07722772277227723,0.04347826086956522,0.42874287428742874,0.5151515151515151,0.6204559457794209,0.6859029572207868,0.5454545454545454,0.6207276736493935,0.602892561983471,0.2173913043478261,0.0,0.0,0.18333333333333335,0.28205128205128205,0.6266666666666667,0.33571428571428574,0.5332446808510638,0.1732283464566929,0.08972972972972973,0.29222144358794677,0.4271099744245524,0.930581613508443,0.05315110098709187,0.07201309328968904,0.5,0.6879888268156424,0.6965315095261357,0.9444444444444446,0.7434411226357535,0.859403092412801,1.0,0.05339805825242719,0.13749999999999998,0.667,0.1506849315068493,0.48148148148148145,35.0,False,True,False,False,False,False
Marc Pubill,0.23076923076923078,0.3074301295160191,0.05147058823529412,0.0594059405940594,0.5142857142857143,0.14257425742574256,0.10276679841897235,0.27272727272727276,0.24242424242424243,0.359211337030191,0.3577375825437841,0.3939393939393939,0.35556780595369347,0.3512396694214876,0.2608695652173913,0.06310679611650485,0.0,0.07222222222222223,0.0,0.4,0.46428571428571436,0.42154255319148937,0.7716535433070866,0.5989189189189189,0.16818500350385426,0.24168797953964188,0.8330206378986869,0.3621867881548975,0.6284779050736496,0.7759999999999999,0.47048417132216014,0.44582315583781146,0.783068783068783,0.13483831604636973,0.11578568860122257,0.4982332155477033,0.08414239482200649,0.08125,0.25,0.17808219178082194,0.25925925925925924,35.0,False,True,False,False,False,False
Fisnik Asllani,0.5897435897435898,0.6387184730743013,0.27941176470588236,0.31683168316831684,0.5857142857142857,0.5524752475247525,0.4229249011857708,0.41104110411041106,0.3333333333333333,0.0862600123228589,0.06574791846109676,0.21212121212121218,0.05402425578831313,0.08057851239669421,0.08695652173913043,0.24271844660194175,0.12121212121212122,0.15,0.20512820512820512,0.13866666666666666,0.09642857142857145,0.28856382978723405,0.0,0.08648648648648649,0.299229152067274,0.22634271099744244,0.4333958724202627,0.2505694760820045,0.15057283142389524,0.264,0.14841713221601488,0.1006350757205667,0.26719576719576704,0.23489932885906037,0.16756562387630347,0.39575971731448767,0.05501618122977347,0.06874999999999999,0.33299999999999996,0.2876712328767123,0.2962962962962963,35.0,True,False,False,False,False,False
Malo Gusto,0.6153846153846154,0.60906612133606,0.058823529411764705,0.0594059405940594,0.5285714285714286,0.09504950495049505,0.09486166007905139,0.5001500150015002,0.3939393939393939,0.2914356130622305,0.28194085558426646,0.3636363636363637,0.27342888643880925,0.20826446280991737,0.08695652173913043,0.058252427184466014,0.0,0.19999999999999998,0.10256410256410256,0.5253333333333334,0.43928571428571433,0.5452127659574468,0.06299212598425197,0.16756756756756758,0.29362298528381225,0.319693094629156,0.6697936210131333,0.08580106302201976,0.09819967266775777,0.455,0.38351955307262564,0.3591597459697118,0.7486772486772486,0.3474679682733374,0.3707299532542251,0.8091872791519434,0.372168284789644,0.3,0.207,0.2465753424657534,0.25925925925925924,35.0,False,False,False,False,True,False
Marco Palestra,0.6923076923076923,0.8875255623721882,0.022058823529411763,0.04950495049504951,0.4714285714285714,0.16831683168316833,0.0790513833992095,0.10351035103510352,0.1818181818181818,0.30160197165742453,0.36060867068619007,0.6515151515151516,0.3875413450937156,0.4140495867768595,0.13043478260869568,0.18446601941747573,0.0,0.33888888888888885,0.15384615384615383,0.39466666666666667,0.20714285714285713,0.35239361702127664,0.07086614173228346,0.13297297297297297,0.6377014716187808,0.7531969309462915,0.7823639774859288,0.06833712984054671,0.07201309328968904,0.405,0.15186219739292367,0.1441133365901319,0.7037037037037036,0.07077486272117145,0.10212153901474288,0.7773851590106008,0.5145631067961166,0.49375,0.248,0.02054794520547945,0.18518518518518517,35.0,False,False,False,False,False,True
Finn Jeltsch,0.3333333333333333,0.3496932515337423,0.0,0.009900990099009901,0.4857142857142857,0.03564356435643564,0.0,0.0,0.15151515151515152,0.4861367837338263,0.50961814527706,0.46969696969696967,0.35942668136714445,0.36983471074380164,0.2608695652173913,0.0,0.0,0.16666666666666666,0.15384615384615383,0.3466666666666666,0.40714285714285714,0.5372340425531915,0.6614173228346456,0.4454054054054054,0.18079887876664333,0.22762148337595906,0.7392120075046906,0.2498101746393318,0.28314238952536824,0.5,0.4972067039106145,0.48715192965315096,0.8544973544973545,0.18547895057962172,0.2017259978425027,0.7385159010600707,0.02912621359223301,0.0,0.0,0.0410958904109589,0.14814814814814814,35.0,True,False,False,False,False,False
Kevin Schade,0.6410256410256411,0.7760736196319018,0.19117647058823528,0.39603960396039606,0.3,0.36831683168316837,0.30830039525691705,0.42124212421242124,0.6363636363636364,0.1290819470117067,0.18690783807062875,0.8333333333333334,0.18026460859977952,0.2450413223140496,0.13043478260869568,0.18932038834951456,0.30303030303030304,0.1611111111111111,0.07692307692307691,0.32266666666666666,0.21071428571428572,0.30984042553191493,0.07874015748031496,0.10918918918918918,0.452697967764541,0.31329923273657284,0.3771106941838649,0.41533788914198944,0.4648117839607201,0.503,0.07644320297951582,0.04748412310698584,0.24338624338624348,0.1223306894447834,0.10104279036317872,0.46289752650176685,0.1116504854368932,0.08125,0.191,0.08904109589041097,0.3333333333333333,35.0,False,False,False,False,True,False
Milos Kerkez,0.6153846153846154,0.6066802999318337,0.058823529411764705,0.0594059405940594,0.5285714285714286,0.07128712871287128,0.0316205533596838,0.6666666666666666,0.5454545454545454,0.20178681454097352,0.23083548664944012,0.5606060606060608,0.24366041896361632,0.2528925619834711,0.13043478260869568,0.038834951456310676,0.0,0.19999999999999998,0.0,0.4,0.20000000000000004,0.3670212765957447,0.25196850393700787,0.30594594594594593,0.21723896285914504,0.2966751918158567,0.825515947467167,0.18602885345482154,0.2144026186579378,0.5,0.3130353817504655,0.2889106008793356,0.708994708994709,0.3608907870652837,0.3707299532542251,0.76678445229682,0.5097087378640777,0.37499999999999994,0.19,0.05479452054794521,0.25925925925925924,35.0,False,False,False,False,True,False
Dávid Hancko,0.5128205128205128,0.6659850034083163,0.0,0.04950495049504951,0.4285714285714286,0.15445544554455445,0.07114624505928854,0.0,0.1818181818181818,0.28681454097350584,0.2845248349124318,0.3939393939393939,0.3533627342888644,0.34421487603305784,0.13043478260869568,0.019417475728155338,0.0,0.06111111111111111,0.10256410256410256,0.3893333333333333,0.25,0.32446808510638303,0.3228346456692913,0.40324324324324323,0.13454800280308338,0.14322250639386183,0.6116322701688555,0.19438116932422173,0.25368248772504093,0.568,0.4151769087523277,0.3924767953102101,0.7724867724867727,0.27181208053691275,0.25674217907227614,0.646643109540636,0.1731391585760518,0.06874999999999999,0.10300000000000001,0.04794520547945206,0.48148148148148145,35.0,False,True,False,False,False,False
Destiny Udogie,0.2564102564102564,0.2931152010906612,0.0,0.009900990099009901,0.4857142857142857,0.05346534653465347,0.027667984189723323,0.0,0.15151515151515152,0.2655576093653728,0.32615561297731843,0.6818181818181819,0.3654906284454245,0.38677685950413226,0.3043478260869566,0.03398058252427185,0.0,0.15,0.0,0.52,0.16785714285714287,0.5265957446808511,0.2677165354330709,0.18162162162162163,0.3854239663629993,0.38235294117647056,0.6097560975609756,0.09339407744874716,0.088379705400982,0.381,0.2821229050279329,0.26174890083048363,0.7142857142857143,0.2449664429530201,0.2811938151743977,0.8445229681978799,0.2928802588996764,0.2125,0.185,0.0,0.2962962962962963,35.0,False,False,False,False,True,False
Jacob Ramsey,0.46153846153846156,0.3285616905248807,0.08823529411764705,0.06930693069306931,0.5714285714285714,0.19801980198019803,0.09881422924901187,0.37503750375037503,0.21212121212121213,0.3284041897720271,0.3804191788687913,0.6060606060606061,0.27177508269018746,0.2615702479338843,0.2173913043478261,0.029126213592233007,0.0,0.24444444444444444,0.0,0.648,0.20000000000000004,0.6063829787234042,0.19685039370078738,0.06702702702702702,0.40014015416958654,0.4411764705882353,0.6960600375234521,0.08580106302201976,0.0916530278232406,0.429,0.3266294227188082,0.320371275036639,0.828042328042328,0.35997559487492375,0.3926645091693635,0.8409893992932862,0.09061488673139159,0.15625,0.444,0.17123287671232876,0.3333333333333333,35.0,False,False,False,False,True,False
Matias Fernandez-Pardo,0.48717948717948717,0.647239263803681,0.2205882352941176,0.32673267326732675,0.45714285714285713,0.5089108910891089,0.44664031620553357,0.35283528352835286,0.3939393939393939,0.30252618607516946,0.39018087855297157,0.7575757575757576,0.3632855567805954,0.39214876033057855,0.1739130434782609,0.4757281553398058,0.24242424242424243,0.2722222222222222,0.28205128205128205,0.168,0.09285714285714286,0.16356382978723405,0.031496062992125984,0.011891891891891892,0.40854940434477927,0.3478260869565217,0.50281425891182,0.0812452543659833,0.024549918166939442,0.121,0.1350093109869646,0.12144601856375184,0.6164021164021164,0.3050640634533252,0.3117583603020496,0.7438162544169611,0.2815533980582524,0.2125,0.196,0.07534246575342465,0.18518518518518517,35.0,False,False,True,False,False,False
Gerard Martín,0.5641025641025641,0.5603271983640081,0.0,0.009900990099009901,0.4857142857142857,0.0594059405940594,0.06719367588932808,0.0,0.0909090909090909,0.46457178065311155,0.4002296870513925,0.21212121212121218,0.49117971334068355,0.39462809917355374,0.13043478260869568,0.06310679611650485,0.0,0.044444444444444446,0.0,0.41600000000000004,0.43928571428571433,0.30718085106382975,0.2677165354330709,0.5081081081081081,0.10581639803784164,0.1713554987212276,0.8405253283302063,0.1890660592255125,0.2978723404255319,0.6829999999999999,0.6840782122905027,0.6701514411333659,0.8703703703703706,0.33160463697376447,0.3620999640417116,0.8303886925795054,0.09546925566343042,0.049999999999999996,0.14300000000000002,0.0,0.2962962962962963,35.0,False,True,False,False,False,False
Dusan Vlahovic,0.23076923076923078,0.16700749829584186,0.4779411764705882,0.6534653465346535,0.4857142857142857,0.900990099009901,0.6600790513833993,0.42874287428742874,0.42424242424242425,0.052680221811460246,0.041343669250646,0.2727272727272729,0.05953693495038588,0.07520661157024792,0.2608695652173913,0.2718446601941748,0.0,0.0,0.0,0.04000000000000001,0.06785714285714287,0.0,0.14960629921259844,0.04,0.22004204625087595,0.16879795396419434,0.4465290806754222,0.36674259681093396,0.3797054009819967,0.46299999999999997,0.0675046554934823,0.04425989252564729,0.2962962962962964,0.14032946918852957,0.12117943185904351,0.5035335689045937,0.0598705501618123,0.11875,0.5,0.13013698630136986,0.37037037037037035,35.0,False,False,False,False,False,True
Oihan Sancet,0.46153846153846156,0.450920245398773,0.14705882352941177,0.31683168316831684,0.32857142857142857,0.4752475247524752,0.2964426877470356,0.24992499249924993,0.3939393939393939,0.2264325323475046,0.23571633649153026,0.4545454545454546,0.25689084895259096,0.2611570247933884,0.1739130434782609,0.12135922330097088,0.15151515151515152,0.25,0.0,0.2986666666666667,0.07142857142857144,0.3390957446808511,0.07874015748031496,0.04864864864864865,0.38752627890679753,0.32352941176470584,0.4915572232645404,0.17236142748671224,0.15548281505728312,0.38799999999999996,0.19283054003724395,0.16971177332681975,0.6031746031746031,0.2782184258694326,0.2880258899676375,0.745583038869258,0.186084142394822,0.125,0.174,0.13698630136986303,0.37037037037037035,35.0,False,True,False,False,False,False
Patrick Dorgu,0.41025641025641024,0.3289025221540559,0.1838235294117647,0.1485148514851485,0.6428571428571428,0.3207920792079208,0.2964426877470356,0.4614461446144615,0.2727272727272727,0.24553296364756624,0.28797014068331894,0.6060606060606061,0.3059536934950386,0.3231404958677686,0.2608695652173913,0.3349514563106796,0.1818181818181818,0.3111111111111111,0.15384615384615383,0.7626666666666667,0.3321428571428572,0.5398936170212766,0.14960629921259844,0.21513513513513513,0.700770847932726,0.7199488491048593,0.654784240150094,0.3743356112376614,0.44844517184942717,0.537,0.20912476722532589,0.16736687835857356,0.462962962962963,0.2568639414276998,0.2286947141316073,0.5848056537102473,0.5744336569579288,0.58125,0.263,0.13013698630136986,0.2222222222222222,35.0,False,False,False,False,True,False
Charles De Ketelaere,0.5384615384615384,0.5821404226312201,0.08823529411764705,0.1485148514851485,0.45714285714285713,0.37425742574257426,0.26086956521739135,0.19561956195619562,0.24242424242424243,0.45594577942082565,0.5167958656330749,0.5757575757575759,0.4856670341786108,0.47603305785123967,0.1739130434782609,0.25728155339805825,0.12121212121212122,0.7333333333333334,0.30769230769230765,0.22933333333333333,0.05714285714285715,0.5691489361702127,0.06299212598425197,0.06702702702702702,0.5977575332866154,0.4565217391304348,0.4296435272045029,0.2642369020501139,0.28314238952536824,0.47200000000000003,0.306145251396648,0.25520273571079627,0.5317460317460316,0.6262965222696767,0.5818051060769507,0.6943462897526502,0.29935275080906154,0.4125,0.35600000000000004,0.2808219178082192,0.3333333333333333,35.0,False,False,False,False,False,True
Curtis Jones,0.6153846153846154,0.4938650306748466,0.03676470588235294,0.12871287128712872,0.3857142857142857,0.2118811881188119,0.13043478260869568,0.1305130513051305,0.3636363636363636,0.589648798521257,0.5503875968992248,0.30303030303030304,0.44597574421168684,0.2892561983471074,0.08695652173913043,0.09223300970873786,0.0,0.12777777777777777,0.12820512820512822,0.4640000000000001,0.3,0.7952127659574468,0.22047244094488191,0.14594594594594595,0.39523475823405746,0.4271099744245524,0.675422138836773,0.12072892938496584,0.08346972176759411,0.289,0.6317504655493483,0.621494870542257,0.8756613756613756,0.6726662599145821,0.7364257461344839,0.911660777385159,0.11326860841423948,0.03125,0.067,0.4178082191780822,0.3333333333333333,35.0,False,False,False,False,True,False
Dan Ndoye,0.358974358974359,0.23721881390593047,0.058823529411764705,0.07920792079207921,0.5,0.2277227722772277,0.12252964426877472,0.20012001200120014,0.21212121212121213,0.31053604436229204,0.40453631926500144,0.7878787878787881,0.35556780595369347,0.4140495867768595,0.391304347826087,0.22330097087378642,0.0,0.3833333333333333,0.0,0.43466666666666665,0.275,0.4109042553191489,0.11811023622047244,0.09945945945945947,0.5276804484933427,0.4514066496163683,0.5065666041275797,0.1313591495823842,0.13747954173486088,0.44,0.11722532588454374,0.09887640449438204,0.5264550264550266,0.19646125686394142,0.20352391226177632,0.6978798586572439,0.47087378640776706,0.38125,0.21100000000000002,0.05479452054794521,0.37037037037037035,35.0,False,False,False,False,True,False
Ferdi Kadioglu,0.6923076923076923,0.9045671438309475,0.022058823529411763,0.0594059405940594,0.45714285714285713,0.15841584158415842,0.14624505928853757,0.10711071107110712,0.21212121212121213,0.23783117683302527,0.3046224519092736,0.7272727272727274,0.26460859977949286,0.3239669421487604,0.13043478260869568,0.0679611650485437,0.0,0.016666666666666666,0.0,0.4026666666666666,0.26785714285714285,0.39760638297872347,0.11023622047244096,0.2518918918918919,0.24106517168885777,0.2659846547314578,0.6660412757973734,0.12604403948367504,0.15057283142389524,0.5,0.28184357541899435,0.2619443087445042,0.7169312169312169,0.311470408785845,0.3441208198489752,0.8356890459363958,0.37702265372168287,0.30624999999999997,0.21,0.0410958904109589,0.4074074074074074,35.0,False,False,False,False,True,False
Tarik Muharemovic,0.5641025641025641,0.8026584867075665,0.044117647058823525,0.04950495049504951,0.5142857142857143,0.12475247524752475,0.07509881422924902,0.3000300030003,0.24242424242424243,0.26370918052988296,0.22739018087855298,0.24242424242424238,0.2205071664829107,0.2053719008264463,0.08695652173913043,0.04854368932038835,0.0,0.016666666666666666,0.0,0.33866666666666667,0.5107142857142857,0.285904255319149,0.7716535433070866,0.7621621621621621,0.09390329362298527,0.1560102301790281,0.8367729831144467,0.2369020501138952,0.34860883797054004,0.644,0.40372439478584726,0.3719589643380557,0.7195767195767198,0.1177547284929835,0.07371449119021935,0.3038869257950531,0.00970873786407767,0.0,0.0,0.08904109589041097,0.25925925925925924,35.0,False,False,False,False,False,True
Estéban Lepaul,0.6153846153846154,0.7573278800272665,0.5147058823529411,0.5148514851485149,0.7571428571428572,0.5742574257425742,0.5138339920948617,0.7242724272427243,0.5454545454545454,0.049291435613062234,0.05885730691932243,0.5151515151515152,0.056780595369349506,0.09256198347107437,0.08695652173913043,0.22815533980582522,0.0909090909090909,0.11111111111111112,0.0,0.02666666666666667,0.025000000000000005,0.15425531914893617,0.0,0.06162162162162162,0.07288016818500351,0.011508951406649611,0.2532833020637898,0.231586940015186,0.23404255319148934,0.44299999999999995,0.07728119180633146,0.0644846116267709,0.5026455026455027,0.06009762050030505,0.06508450197770586,0.5441696113074205,0.10194174757281554,0.08125,0.21100000000000002,0.04794520547945206,0.37037037037037035,35.0,False,False,True,False,False,False
Mikel Jauregizar,0.6666666666666666,0.8053851397409679,0.044117647058823525,0.0594059405940594,0.5142857142857143,0.24356435643564356,0.1383399209486166,0.15391539153915393,0.15151515151515152,0.17221195317313615,0.12948607522250932,0.13636363636363644,0.12183020948180816,0.13264462809917357,0.08695652173913043,0.04368932038834951,0.1818181818181818,0.049999999999999996,0.0,0.5386666666666666,0.5214285714285715,0.6250000000000001,0.07086614173228346,0.09189189189189188,0.4330763840224247,0.33759590792838867,0.4465290806754222,0.18071374335611237,0.23895253682487724,0.568,0.3124767225325884,0.26800195407914024,0.5793650793650795,0.36546674801708356,0.3304566702624955,0.627208480565371,0.22491909385113268,0.11875,0.136,0.08904109589041097,0.25925925925925924,35.0,False,True,False,False,False,False
Archie Gray,0.358974358974359,0.34049079754601225,0.08823529411764705,0.0891089108910891,0.5428571428571429,0.13267326732673268,0.11857707509881424,0.5454545454545455,0.3939393939393939,0.18730745532963647,0.20241171403962102,0.48484848484848503,0.16593164277839034,0.17685950413223142,0.2173913043478261,0.029126213592233007,0.0,0.09999999999999999,0.30769230769230765,0.14400000000000002,0.3678571428571429,0.3630319148936171,0.1889763779527559,0.28972972972972977,0.11422564821303434,0.039641943734015334,0.2645403377110694,0.1017463933181473,0.09001636661211129,0.36,0.22169459962756047,0.20000000000000004,0.6507936507936507,0.16503965832824893,0.16720604099244876,0.6537102473498234,0.11812297734627832,0.15,0.33299999999999996,0.0821917808219178,0.14814814814814814,35.0,False,False,False,False,True,False
Liam Delap,0.46153846153846156,0.2119972733469666,0.058823529411764705,0.36633663366336633,0.09999999999999994,0.5821782178217821,0.35573122529644274,0.08340834083408341,0.3636363636363636,0.12107208872458411,0.12489233419465977,0.43939393939393945,0.13726571113561192,0.17148760330578514,0.3478260869565218,0.2378640776699029,0.0,0.0,0.0,0.07466666666666666,0.028571428571428574,0.17287234042553193,0.0,0.0972972972972973,0.38892782060266295,0.23913043478260865,0.3227016885553471,0.3523158694001519,0.33387888707037644,0.424,0.0600558659217877,0.038983878847093305,0.2989417989417989,0.1201952410006101,0.10140237324703344,0.47526501766784457,0.07928802588996764,0.0,0.0,0.10958904109589042,0.25925925925925924,32.0,False,False,False,False,True,False
Konrad Laimer,0.48717948717948717,0.5170415814587593,0.10294117647058824,0.10891089108910891,0.5428571428571429,0.15247524752475247,0.1422924901185771,0.5295529552955296,0.42424242424242425,0.3555144793592114,0.33304622451909266,0.3181818181818181,0.43054024255788315,0.38057851239669427,0.1739130434782609,0.0679611650485437,0.15151515151515152,0.3277777777777778,0.0,0.5173333333333333,0.275,0.4414893617021276,0.2125984251968504,0.14594594594594595,0.36510161177295025,0.28132992327365725,0.4427767354596623,0.12680334092634776,0.11129296235679215,0.366,0.4945065176908752,0.48011724474841233,0.8359788359788359,0.6995118974984746,0.772024451636102,0.9275618374558304,0.2766990291262136,0.3375,0.316,0.18493150684931509,0.48148148148148145,32.0,True,False,False,False,False,False
Sepp van den Berg,0.5641025641025641,0.7774369461486026,0.0,0.09900990099009901,0.35714285714285715,0.1485148514851485,0.09090909090909093,0.0,0.42424242424242425,0.18176216882316698,0.19580821131208728,0.48484848484848503,0.21389195148842335,0.2190082644628099,0.08695652173913043,0.014563106796116504,0.0,0.0,0.0,0.16533333333333333,0.3392857142857143,0.3736702127659574,0.5669291338582677,0.6875675675675677,0.0,0.029411764705882335,0.7223264540337712,0.5087319665907365,0.746317512274959,0.664,0.34785847299813777,0.3346360527601368,0.7936507936507937,0.05033557046979864,0.04710535778496943,0.4452296819787987,0.0,0.0,0.0,0.02054794520547945,0.3333333333333333,32.0,False,False,False,False,True,False
Loïs Openda,0.358974358974359,0.05930470347648262,0.10294117647058824,0.48514851485148514,0.0,0.708910891089109,0.32806324110671936,0.11551155115511552,0.42424242424242425,0.15126309303758473,0.19781797301177143,0.7121212121212123,0.17916207276736493,0.23801652892561984,0.6956521739130435,0.3349514563106796,0.0,0.15555555555555556,0.0,0.18666666666666665,0.05000000000000001,0.12101063829787234,0.11023622047244096,0.04432432432432432,0.35459004905395936,0.4117647058823529,0.7317073170731707,0.27866362946089596,0.18003273322422259,0.28600000000000003,0.10977653631284917,0.0815828041035662,0.37830687830687826,0.23245881635143376,0.18338727076591152,0.47173144876325096,0.15533980582524273,0.08750000000000001,0.14300000000000002,0.09589041095890412,0.37037037037037035,32.0,False,False,False,False,False,True
Hugo Larsson,0.38461538461538464,0.4567143830947512,0.07352941176470588,0.06930693069306931,0.5428571428571429,0.12673267326732673,0.11857707509881424,0.4614461446144615,0.3333333333333333,0.15958102279728895,0.15561297731840368,0.3787878787878788,0.12293274531422273,0.12231404958677686,0.13043478260869568,0.0970873786407767,0.0,0.08333333333333333,0.0,0.216,0.5464285714285715,0.401595744680851,0.19685039370078738,0.20864864864864865,0.04625087596355993,0.042199488491048584,0.5140712945590995,0.06529992406985574,0.07364975450081833,0.429,0.39003724394785844,0.3651196873473376,0.7486772486772486,0.2638804148871263,0.2671700827040632,0.7137809187279154,0.07281553398058253,0.125,0.444,0.06849315068493152,0.2222222222222222,32.0,True,False,False,False,False,False
Antonio Nusa,0.5384615384615384,0.5299931833674165,0.13235294117647056,0.18811881188118812,0.4714285714285714,0.5346534653465347,0.3478260869565218,0.19681968196819682,0.21212121212121213,0.4805914972273568,0.5793855871375251,0.6818181818181819,0.4724366041896362,0.5099173553719009,0.2173913043478261,0.7524271844660194,0.2727272727272727,0.5166666666666667,0.3333333333333333,0.272,0.15714285714285717,0.4773936170212766,0.0,0.03351351351351351,0.7182901191310441,0.7774936061381074,0.7016885553470921,0.06378132118451026,0.03600654664484452,0.217,0.1600558659217877,0.13590620420127017,0.5423280423280423,0.3026235509456986,0.2729234088457389,0.6095406360424029,0.42880258899676377,0.33125,0.2,0.5136986301369864,0.18518518518518517,32.0,True,False,False,False,False,False
Pierre Kalulu,0.6923076923076923,0.9550102249488752,0.03676470588235294,0.04950495049504951,0.5142857142857143,0.07128712871287128,0.04347826086956522,0.4614461446144615,0.3939393939393939,0.33117683302526185,0.3505598621877692,0.46969696969696967,0.3125689084895259,0.3090909090909091,0.08695652173913043,0.014563106796116504,0.0,0.10555555555555556,0.07692307692307691,0.41866666666666663,0.23571428571428574,0.4773936170212766,0.1732283464566929,0.18378378378378377,0.14716187806587244,0.1777493606138107,0.6941838649155723,0.14274867122247534,0.1571194762684124,0.467,0.47728119180633144,0.4566682950659502,0.8015873015873016,0.37339841366687004,0.39949658396260335,0.8197879858657245,0.41747572815533984,0.37499999999999994,0.23399999999999999,0.05479452054794521,0.37037037037037035,32.0,False,False,False,False,False,True
Harvey Barnes,0.6923076923076923,0.5047716428084527,0.23529411764705882,0.31683168316831684,0.5,0.5267326732673268,0.37944664031620556,0.36213621362136217,0.3636363636363636,0.3126925446703635,0.35716336491530287,0.5757575757575759,0.32855567805953695,0.35206611570247937,0.1739130434782609,0.2669902912621359,0.0,0.12777777777777777,0.12820512820512822,0.12533333333333332,0.05000000000000001,0.30984042553191493,0.03937007874015748,0.07891891891891892,0.29011913104414855,0.1713554987212276,0.3189493433395872,0.06681852695520123,0.052373158756137475,0.304,0.16629422718808193,0.14528578407425502,0.5873015873015874,0.33343502135448444,0.333692916217188,0.7279151943462899,0.5501618122977346,0.43124999999999997,0.203,0.06164383561643835,0.48148148148148145,32.0,False,False,False,False,True,False
Conor Gallagher,0.6410256410256411,0.46864349011588274,0.10890677025527191,0.10405380160657575,0.5522911051212938,0.2303754903792266,0.17242150794242675,0.34038120793211407,0.2921669525443109,0.21926551110801099,0.21192422494163018,0.36563750714694115,0.15662249589149388,0.12659441758927178,0.2986054142739951,0.07135006411430665,0.15208690680388787,0.10985324947589095,0.13159167876149,0.48286792452830185,0.5023584905660378,0.5984544359694901,0.2672708364284653,0.05756246812850587,0.5122634898388226,0.4169039231771461,0.4824241566073136,0.13750519333533903,0.15060371182410526,0.4501509433962264,0.3151962334422543,0.29772054824824173,0.7462314066087652,0.2702292009623907,0.29922723602884804,0.8170211347423163,0.2670513525065641,0.21179245283018866,0.2000566037735849,0.034375807702248636,0.37037037037037035,32.0,False,False,False,True,False,False
Gonzalo García,0.5128205128205128,0.1608725289706885,0.4191176470588235,0.504950495049505,0.5857142857142857,0.3940594059405941,0.4110671936758894,0.8571857185718572,0.7878787878787878,0.1019716574245225,0.08986505885730692,0.30303030303030304,0.06725468577728776,0.05702479338842975,0.1739130434782609,0.2766990291262136,0.2727272727272727,0.2111111111111111,0.0,0.24266666666666667,0.10000000000000002,0.1901595744680851,0.0,0.09189189189189188,0.22074281709880872,0.11381074168797954,0.2889305816135085,0.2589217919514047,0.32569558101472995,0.5529999999999999,0.12839851024208565,0.12300928187591598,0.7037037037037036,0.11622940817571688,0.14167565623876305,0.7597173144876326,0.045307443365695796,0.0,0.0,0.13013698630136986,0.2222222222222222,30.0,False,True,False,False,False,False
Honest Ahanor,0.3076923076923077,0.3047034764826176,0.0,0.12871287128712872,0.3142857142857143,0.16831683168316833,0.10276679841897235,0.0,0.45454545454545453,0.18823166974738137,0.17341372380132067,0.3181818181818181,0.17420066152149946,0.15743801652892564,0.2173913043478261,0.03398058252427185,0.0,0.0,0.0,0.5946666666666667,0.5392857142857144,0.31117021276595747,0.5196850393700787,0.34702702702702704,0.3721093202522775,0.4616368286445012,0.7954971857410883,0.2847380410022779,0.353518821603928,0.55,0.35176908752327746,0.3432340009770396,0.8227513227513227,0.1201952410006101,0.1592952175476447,0.8498233215547703,0.02103559870550162,0.043750000000000004,0.5,0.0,0.07407407407407407,30.0,False,False,False,False,False,True
Georginio Rutter,0.5641025641025641,0.44648943421949555,0.1102941176470588,0.1485148514851485,0.5,0.4178217821782178,0.2766798418972332,0.21422142214221424,0.21212121212121213,0.2427603203943315,0.27935687625610106,0.5757575757575759,0.292723263506064,0.33140495867768593,0.2173913043478261,0.24271844660194175,0.0,0.1388888888888889,0.25641025641025644,0.39466666666666667,0.19642857142857145,0.3031914893617022,0.03937007874015748,0.14162162162162162,0.6839523475823407,0.4884910485933504,0.3846153846153846,0.17691723614274865,0.1571194762684124,0.38,0.12039106145251398,0.08246213971665854,0.29100529100529104,0.23642464917632702,0.2056814095649047,0.5565371024734983,0.17152103559870552,0.09374999999999999,0.14300000000000002,0.27397260273972607,0.2962962962962963,30.0,False,False,False,False,True,False
Ethan Ampadu,0.6410256410256411,0.9008179959100204,0.022058823529411763,0.06930693069306931,0.4428571428571429,0.1485148514851485,0.06719367588932808,0.11551155115511552,0.30303030303030304,0.2276648182378312,0.22767728969279355,0.4090909090909093,0.16758544652701213,0.16818181818181818,0.08695652173913043,0.04368932038834951,0.0,0.03333333333333333,0.0,0.5866666666666667,0.5142857142857143,0.598404255319149,0.3858267716535433,0.2583783783783784,0.27890679747722497,0.3516624040920716,0.7842401500938087,0.18071374335611237,0.26841243862520453,0.64,0.3807262569832402,0.35095261358085006,0.7169312169312169,0.21903599755948747,0.22437971952535057,0.7031802120141343,0.12135922330097088,0.18124999999999997,0.385,0.11643835616438357,0.37037037037037035,30.0,False,False,False,False,True,False
Diogo Dalot,0.6153846153846154,0.7280163599182005,0.022058823529411763,0.06930693069306931,0.45714285714285713,0.16435643564356436,0.08300395256916997,0.12511251125112513,0.24242424242424243,0.16728280961182992,0.18260120585701978,0.5000000000000001,0.18081587651598677,0.2053719008264463,0.13043478260869568,0.11650485436893203,0.0,0.18888888888888888,0.07692307692307691,0.45066666666666666,0.3321428571428572,0.5186170212765957,0.24409448818897636,0.3427027027027027,0.23405746320953047,0.24936061381074165,0.6397748592870544,0.17691723614274865,0.292962356792144,0.7120000000000001,0.2788640595903165,0.25705911089399125,0.7010582010582012,0.2525930445393532,0.26501258540093486,0.7473498233215548,0.31715210355987056,0.36249999999999993,0.298,0.06849315068493152,0.4074074074074074,30.0,False,False,False,False,True,False
Matthijs de Ligt,0.07692307692307693,0.23517382413087934,0.058823529411764705,0.10891089108910891,0.4428571428571429,0.16831683168316833,0.09090909090909093,0.27272727272727276,0.3939393939393939,0.17036352433764637,0.10565604364053975,0.0,0.12072767364939363,0.10289256198347106,0.2173913043478261,0.038834951456310676,0.0,0.044444444444444446,0.0,0.3546666666666667,0.4107142857142857,0.31117021276595747,0.36220472440944884,0.5654054054054054,0.062368605466012625,0.12020460358056266,0.8461538461538464,0.4593773728170084,0.630114566284779,0.617,0.35465549348230907,0.3372740595994138,0.7751322751322751,0.026845637583892613,0.027687882056814096,0.4204946996466431,0.06148867313915858,0.19374999999999998,0.8,0.10273972602739725,0.4074074074074074,30.0,False,False,False,False,True,False
Mason Mount,0.3333333333333333,0.18336741649625085,0.19852941176470587,0.12871287128712872,0.6857142857142857,0.3326732673267327,0.1739130434782609,0.47374737473747375,0.24242424242424243,0.13031423290203328,0.12316968130921617,0.3484848484848486,0.12072767364939363,0.13760330578512397,0.3043478260869566,0.13106796116504854,0.0,0.09999999999999999,0.0,0.5306666666666667,0.28571428571428575,0.6063829787234042,0.07086614173228346,0.08648648648648649,0.44498948843728103,0.36956521739130427,0.4859287054409006,0.1275626423690205,0.10147299509001637,0.33299999999999996,0.2694599627560521,0.2359550561797753,0.611111111111111,0.37370347773032336,0.3951815893563466,0.8056537102473498,0.186084142394822,0.0,0.0,0.4246575342465754,0.4074074074074074,30.0,False,False,False,False,True,False
Niccolò Pisilli,0.38461538461538464,0.2740286298568507,0.10294117647058824,0.1188118811881188,0.5285714285714286,0.2633663366336634,0.1383399209486166,0.3159315931593159,0.2727272727272727,0.33518176216882317,0.31696813092161924,0.33333333333333354,0.28831312017640576,0.31074380165289256,0.3043478260869566,0.1699029126213592,0.0,0.19444444444444442,0.1794871794871795,0.46933333333333327,0.6,0.6103723404255319,0.05511811023622048,0.11351351351351352,0.4225648213034338,0.23273657289002556,0.27016885553470926,0.18299164768413057,0.14893617021276595,0.35100000000000003,0.44627560521415266,0.4124084025403029,0.7301587301587301,0.39932885906040266,0.397339086659475,0.7402826855123676,0.07928802588996764,0.043750000000000004,0.14300000000000002,0.19178082191780824,0.2222222222222222,30.0,False,False,False,False,False,True
Ian Maatsen,0.5128205128205128,0.38139059304703476,0.0,0.06930693069306931,0.39999999999999997,0.22376237623762374,0.1106719367588933,0.0,0.1818181818181818,0.3086876155268022,0.35256962388745333,0.5757575757575759,0.3588754134509372,0.33099173553719013,0.2173913043478261,0.0,0.0,0.18888888888888888,0.0,0.6106666666666667,0.3821428571428572,0.5159574468085106,0.047244094488188976,0.3891891891891892,0.5606166783461808,0.4808184143222506,0.5084427767354597,0.11465451784358391,0.1653027823240589,0.6,0.2909683426443203,0.27191011235955054,0.7275132275132276,0.3261134838316046,0.34771664868752244,0.8003533568904594,0.4368932038834952,0.31875,0.188,0.0,0.2962962962962963,30.0,False,False,False,False,True,False
Gavi,0.02564102564102564,0.032038173142467624,0.0,0.0,0.5,0.0,0.0,0.0,0.0,0.3733826247689464,0.3017513637668677,0.15151515151515152,0.1201764057331863,0.015289256198347109,0.04347826086956522,0.0,0.0,0.08888888888888889,0.0,0.6773333333333333,0.16785714285714287,0.4441489361702128,0.24409448818897636,0.11891891891891893,0.5220742817098809,0.4846547314578005,0.5666041275797373,0.2004555808656036,0.30769230769230765,0.667,0.5148975791433892,0.514313629702003,0.8968253968253971,0.4145820622330689,0.48363897878460976,0.9469964664310954,0.05016181229773463,0.0,0.0,0.10958904109589042,0.2222222222222222,30.0,False,True,False,False,False,False
Mikkel Damsgaard,0.5897435897435898,0.5374914792092707,0.13235294117647056,0.10891089108910891,0.5857142857142857,0.2514851485148515,0.18972332015810278,0.41374137413741374,0.2727272727272727,0.2547751078250154,0.2515073212747631,0.3939393939393939,0.28280044101433294,0.2694214876033058,0.13043478260869568,0.1699029126213592,0.12121212121212122,0.24444444444444444,0.10256410256410256,0.6293333333333334,0.38928571428571435,0.7101063829787234,0.14173228346456693,0.07567567567567567,0.5522074281709881,0.4258312020460358,0.4371482176360226,0.13895216400911162,0.13584288052373159,0.413,0.3037243947858473,0.24396678065461655,0.4708994708994709,0.4890176937156803,0.41711614527148505,0.5865724381625442,0.3187702265372168,0.33125,0.267,0.4178082191780822,0.37037037037037035,30.0,False,False,False,False,True,False
Jesús Rodríguez,0.5384615384615384,0.4274028629856851,0.07352941176470588,0.2079207920792079,0.35714285714285715,0.46336633663366333,0.24505928853754944,0.13321332133213323,0.2727272727272727,0.4676524953789279,0.5633074935400517,0.6818181818181819,0.5308710033076075,0.5,0.2173913043478261,0.6067961165048543,0.15151515151515152,0.6944444444444444,0.923076923076923,0.32533333333333336,0.09285714285714286,0.3776595744680851,0.0,0.05621621621621622,0.6517168885774353,0.5409207161125319,0.4840525328330207,0.08883826879271071,0.10965630114566285,0.5,0.1366852886405959,0.117733268197362,0.5582010582010581,0.2525930445393532,0.24092053218266807,0.648409893992933,0.42880258899676377,0.1625,0.098,0.06849315068493152,0.18518518518518517,30.0,False,False,False,False,False,True
Jonathan Burkardt,0.3076923076923077,0.2931152010906612,0.6397058823529411,0.8217821782178217,0.5571428571428572,0.5445544554455446,0.5573122529644269,0.9513951395139515,0.9090909090909091,0.02341343191620455,0.020097616996841813,0.3636363636363637,0.02480705622932745,0.07024793388429752,0.2608695652173913,0.13106796116504854,0.6060606060606061,0.0,0.0,0.10933333333333334,0.025000000000000005,0.09840425531914894,0.0,0.08,0.17799579537491242,0.1329923273657289,0.4409005628517823,0.26651480637813213,0.12111292962356791,0.2,0.045158286778398504,0.03273082559843674,0.3915343915343915,0.07077486272117145,0.0783890686803308,0.5830388692579506,0.05501618122977347,0.043750000000000004,0.2,0.0,0.37037037037037035,30.0,True,False,False,False,False,False
Víctor Muñoz,0.6153846153846154,0.7457396046353102,0.14705882352941177,0.19801980198019803,0.5,0.5405940594059406,0.41501976284584985,0.22232223222322234,0.21212121212121213,0.39186691312384475,0.5676141257536607,1.0,0.5126791620727674,0.671900826446281,0.1739130434782609,0.4757281553398058,0.0909090909090909,0.24444444444444444,0.0,0.16266666666666665,0.10714285714285715,0.3324468085106383,0.0,0.07243243243243244,0.7021723896285914,0.5306905370843988,0.4221388367729831,0.10933940774487473,0.09328968903436988,0.354,0.11201117318435753,0.09946262823644358,0.5873015873015874,0.19097010372178155,0.19920891765551957,0.7014134275618376,0.5614886731391586,0.46249999999999997,0.214,0.02054794520547945,0.25925925925925924,30.0,False,True,False,False,False,False
Yéremy Pino,0.6153846153846154,0.549079754601227,0.06617647058823528,0.18811881188118812,0.34285714285714286,0.38415841584158417,0.1857707509881423,0.13321332133213323,0.30303030303030304,0.1842267406038201,0.1823140970427792,0.3939393939393939,0.17971334068357225,0.19421487603305784,0.13043478260869568,0.1262135922330097,0.0,0.3111111111111111,0.0,0.37866666666666665,0.1392857142857143,0.48005319148936165,0.031496062992125984,0.0972972972972973,0.45409950946040645,0.31329923273657284,0.37523452157598497,0.18602885345482154,0.15548281505728312,0.361,0.2493482309124767,0.19443087445041526,0.4259259259259258,0.3703477730323368,0.28838547285149224,0.4840989399293286,0.21521035598705504,0.10625,0.129,0.5616438356164384,0.2962962962962963,30.0,False,False,False,False,True,False
Tyler Morton,0.48717948717948717,0.6966598500340832,0.05147058823529412,0.0594059405940594,0.5142857142857143,0.19801980198019803,0.11462450592885376,0.21422142214221424,0.1818181818181818,0.3656808379544054,0.39018087855297157,0.48484848484848503,0.3164277839029768,0.281404958677686,0.08695652173913043,0.05339805825242718,0.0,0.03888888888888889,0.10256410256410256,0.42133333333333334,0.2785714285714286,0.5079787234042553,0.36220472440944884,0.16216216216216217,0.212333566923616,0.25319693094629153,0.7148217636022514,0.09491268033409264,0.09983633387888706,0.425,0.41964618249534447,0.39736199316072307,0.7751322751322751,0.35723001830384377,0.34771664868752244,0.7049469964664312,0.09870550161812298,0.08750000000000001,0.235,0.21917808219178084,0.2962962962962963,30.0,False,False,True,False,False,False
Jacobo Ramón,0.5641025641025641,0.7713019768234493,0.05147058823529412,0.1485148514851485,0.3857142857142857,0.25346534653465347,0.11857707509881424,0.15391539153915393,0.3636363636363636,0.3798521256931608,0.3430950330175136,0.2727272727272729,0.44597574421168684,0.3797520661157025,0.08695652173913043,0.03398058252427185,0.0,0.016666666666666666,0.0,0.4026666666666666,0.43214285714285716,0.4082446808510639,0.44094488188976383,0.43243243243243246,0.16187806587245968,0.1726342710997442,0.624765478424015,0.407744874715262,0.6072013093289689,0.669,0.5642458100558659,0.5549584758182707,0.8703703703703706,0.1915802318486882,0.22222222222222218,0.8127208480565372,0.05339805825242719,0.043750000000000004,0.2,0.02054794520547945,0.18518518518518517,30.0,False,False,False,False,False,True
Thierno Barry,0.717948717948718,0.489093387866394,0.27941176470588236,0.37623762376237624,0.4857142857142857,0.3544554455445545,0.26086956521739135,0.6315631563156316,0.6363636363636364,0.03850893407270485,0.05627332759115704,0.6363636363636366,0.06119073869900772,0.12107438016528926,0.2173913043478261,0.1359223300970874,0.15151515151515152,0.12777777777777777,0.0,0.04000000000000001,0.08214285714285716,0.11968085106382978,0.14960629921259844,0.12648648648648647,0.2445690259285214,0.02173913043478261,0.0,1.0,1.0,0.45799999999999996,0.07467411545623837,0.03419638495359061,0.052910052910052914,0.13209273947528982,0.0830636461704423,0.30742049469964666,0.03074433656957929,0.03125,0.25,0.06164383561643835,0.2962962962962963,30.0,False,False,False,False,True,False
Adrien Truffert,0.717948717948718,0.9884117246080436,0.022058823529411763,0.039603960396039604,0.4857142857142857,0.08514851485148515,0.0632411067193676,0.18751875187518752,0.2727272727272727,0.27079482439926067,0.2845248349124318,0.46969696969696967,0.33076074972436603,0.34173553719008265,0.08695652173913043,0.038834951456310676,0.0,0.10555555555555556,0.07692307692307691,0.6960000000000001,0.4571428571428572,0.5678191489361701,0.2125984251968504,0.4118918918918919,0.42396636299929924,0.4552429667519181,0.675422138836773,0.18451025056947606,0.19148936170212763,0.449,0.303072625698324,0.2723986321446019,0.6613756613756614,0.26540573520439287,0.2833513124775261,0.7738515901060071,0.6067961165048544,0.53125,0.22699999999999998,0.0,0.3333333333333333,30.0,False,False,False,False,True,False
Mario Gila,0.5384615384615384,0.6820040899795501,0.0,0.04950495049504951,0.4285714285714286,0.08712871287128714,0.04347826086956522,0.0,0.3636363636363636,0.41836105976586574,0.4074074074074074,0.3636363636363637,0.3472987872105844,0.29421487603305785,0.08695652173913043,0.0,0.0,0.06111111111111111,0.0,0.4106666666666667,0.325,0.547872340425532,0.45669291338582674,0.4313513513513514,0.14996496145760335,0.23657289002557538,0.8911819887429644,0.23386484434320423,0.3436988543371522,0.644,0.5310055865921787,0.5184171958964339,0.851851851851852,0.11073825503355704,0.10967277957569219,0.5777385159010602,0.006472491909385114,0.024999999999999998,1.0,0.04794520547945206,0.37037037037037035,30.0,False,False,False,False,False,True
Georges Mikautadze,0.5641025641025641,0.5579413769597819,0.40441176470588236,0.48514851485148514,0.6,0.5465346534653465,0.5375494071146246,0.6000600060006,0.5454545454545454,0.11275415896487984,0.1323571633649153,0.5606060606060608,0.1157662624035281,0.17685950413223142,0.1739130434782609,0.2087378640776699,0.2727272727272727,0.26111111111111107,0.4358974358974359,0.034666666666666665,0.075,0.1276595744680851,0.031496062992125984,0.02810810810810811,0.3454800280308339,0.33503836317135544,0.5891181988742965,0.1252847380410023,0.07037643207855973,0.233,0.07467411545623837,0.05911089399120664,0.44973544973544977,0.13483831604636973,0.13412441567781375,0.6095406360424029,0.06957928802588997,0.056249999999999994,0.2,0.17808219178082194,0.37037037037037035,30.0,False,True,False,False,False,False
Nathan Collins,0.6410256410256411,0.8493524199045671,0.022058823529411763,0.06930693069306931,0.4428571428571429,0.12079207920792079,0.07114624505928854,0.15001500150015,0.3333333333333333,0.2643253234750462,0.28710881424059714,0.5000000000000001,0.2850055126791621,0.3318181818181818,0.13043478260869568,0.014563106796116504,0.0,0.016666666666666666,0.0,0.216,0.4000000000000001,0.46143617021276595,0.952755905511811,0.6843243243243243,0.06657323055360899,0.0971867007672634,0.7035647279549719,0.3591495823842066,0.44189852700491,0.5489999999999999,0.4106145251396648,0.36472887151929656,0.6507936507936507,0.12568639414276997,0.06832074793239841,0.2385159010600707,0.004854368932038835,0.01875,1.0,0.0,0.3333333333333333,30.0,False,False,False,False,True,False
Fabián Ruiz,0.2564102564102564,0.22119972733469667,0.058823529411764705,0.10891089108910891,0.45714285714285713,0.299009900990099,0.1264822134387352,0.15781578157815782,0.21212121212121213,0.5603820086260013,0.5193798449612403,0.30303030303030304,0.46582138919514887,0.33801652892561984,0.2608695652173913,0.07766990291262135,0.0,0.08888888888888889,0.20512820512820512,0.328,0.4000000000000001,0.42154255319148937,0.0,0.06054054054054055,0.11983181499649614,0.10741687979539641,0.5253283302063789,0.004555808656036446,0.026186579378068738,0.667,0.8159217877094973,0.8075232046897899,0.902116402116402,0.9292251372788285,1.0,0.913427561837456,0.29611650485436897,0.049999999999999996,0.043,0.27397260273972607,0.5185185185185185,30.0,False,False,True,False,False,False
Renato Veiga,0.5641025641025641,0.6809815950920245,0.0,0.009900990099009901,0.4857142857142857,0.06534653465346535,0.04347826086956522,0.0,0.0909090909090909,0.2621688231669747,0.26040769451622164,0.3939393939393939,0.2894156560088203,0.28677685950413223,0.13043478260869568,0.05339805825242718,0.0,0.0,0.0,0.14933333333333332,0.3,0.3218085106382979,0.8582677165354331,0.6129729729729729,0.023125437981779965,0.0,0.3733583489681051,0.19893697798025814,0.29132569558101473,0.636,0.43845437616387334,0.4180752320468979,0.7910052910052913,0.11561928004881025,0.10320028766630708,0.5106007067137811,0.011326860841423949,0.0,0.0,0.07534246575342465,0.25925925925925924,30.0,False,True,False,False,False,False
Nikola Krstovic,0.5897435897435898,0.4451261077027948,0.3676470588235294,0.7029702970297029,0.21428571428571425,0.9881188118811882,0.6758893280632411,0.30303030303030304,0.42424242424242425,0.16913123844731978,0.15819695664656902,0.33333333333333354,0.14057331863285555,0.13760330578512397,0.13043478260869568,0.5388349514563107,0.30303030303030304,0.19444444444444442,0.12820512820512822,0.168,0.053571428571428575,0.34441489361702127,0.11811023622047244,0.08216216216216217,0.3496846531184303,0.2570332480818414,0.41651031894934337,0.4798785117691724,0.49427168576104746,0.465,0.15093109869646182,0.11529066927210553,0.4047619047619047,0.3004881025015253,0.2535059331175836,0.5459363957597174,0.04045307443365696,0.03125,0.2,0.0,0.37037037037037035,30.0,False,False,False,False,False,True
Callum Hudson-Odoi,0.5128205128205128,0.4648943421949557,0.1102941176470588,0.13861386138613863,0.5142857142857143,0.2891089108910891,0.19367588932806326,0.3000300030003,0.2727272727272727,0.43438077634011096,0.5328739592305485,0.7121212121212123,0.4564498346196252,0.4793388429752066,0.2173913043478261,0.4029126213592233,0.30303030303030304,0.7055555555555556,0.0,0.14666666666666667,0.1392857142857143,0.34308510638297873,0.07874015748031496,0.07351351351351351,0.29011913104414855,0.23273657289002556,0.4690431519699812,0.031131359149582382,0.024549918166939442,0.25,0.21489757914338917,0.21309233023937474,0.8121693121693123,0.4423428920073215,0.5084501977705861,0.9346289752650179,0.6877022653721683,0.36874999999999997,0.138,0.03424657534246576,0.37037037037037035,30.0,False,False,False,False,True,False
Rio Ngumoha,0.23076923076923078,0.02419904567143831,0.2426470588235294,0.2079207920792079,0.6571428571428571,0.5168316831683168,0.3873517786561265,0.37503750375037503,0.24242424242424243,0.6845348120764017,0.7898363479758829,0.6212121212121212,0.6775082690187432,0.6136363636363636,0.7391304347826088,0.6359223300970874,0.48484848484848486,1.0,0.41025641025641024,0.13866666666666666,0.17500000000000002,0.3138297872340426,0.12598425196850394,0.05297297297297297,0.7666433076384024,0.8439897698209717,0.7204502814258913,0.048595292331055424,0.0,0.0,0.2082867783985102,0.20019540791402055,0.7539682539682541,0.5262355094569859,0.5771305285868391,0.8904593639575974,0.5550161812297735,0.7124999999999999,0.33299999999999996,0.0,0.07407407407407407,30.0,False,False,False,False,True,False
Oscar Bobb,0.3333333333333333,0.18984321745057942,0.0,0.12871287128712872,0.3142857142857143,0.20594059405940596,0.10276679841897235,0.0,0.3636363636363636,0.23321010474430068,0.2690209589434396,0.5757575757575759,0.24641675854465273,0.2847107438016529,0.391304347826087,0.1699029126213592,0.0,0.3833333333333333,0.23076923076923075,0.45066666666666666,0.2785714285714286,0.38696808510638303,0.0,0.02810810810810811,0.5984583041345479,0.6048593350383631,0.6360225140712947,0.0721336370539104,0.0851063829787234,0.462,0.24031657355679698,0.22540302882266733,0.7222222222222222,0.40451494813910926,0.4426465300251708,0.8586572438162544,0.1262135922330097,0.1625,0.33299999999999996,0.11643835616438357,0.25925925925925924,30.0,False,False,False,False,True,False
Omari Hutchinson,0.5384615384615384,0.4103612815269257,0.03676470588235294,0.09900990099009901,0.4285714285714286,0.26534653465346536,0.233201581027668,0.12001200120012002,0.24242424242424243,0.4118915588416513,0.47688774045363197,0.6060606060606061,0.40738699007717755,0.3822314049586777,0.2173913043478261,0.28640776699029125,0.0,0.3833333333333333,0.41025641025641024,0.27999999999999997,0.2285714285714286,0.5199468085106383,0.0,0.046486486486486484,0.5893482831114226,0.4718670076726342,0.4596622889305816,0.10402429764616554,0.044189852700491,0.172,0.18398510242085658,0.16707376648754277,0.6507936507936507,0.2827943868212324,0.29593671341244154,0.7597173144876326,0.8122977346278317,0.7374999999999999,0.23399999999999999,0.10958904109589042,0.25925925925925924,30.0,False,False,False,False,True,False
Jarrod Bowen,0.717948717948718,0.9969325153374233,0.1764705882352941,0.18811881188118812,0.5714285714285714,0.41386138613861384,0.29249011857707513,0.34173417341734175,0.2727272727272727,0.23136167590881082,0.30548377835199536,0.7727272727272727,0.3131201764057332,0.36446280991735536,0.08695652173913043,0.34466019417475724,0.15151515151515152,0.26666666666666666,0.28205128205128205,0.3173333333333333,0.25357142857142856,0.4601063829787234,0.12598425196850394,0.11135135135135135,0.4870357393132446,0.39769820971867,0.4746716697936211,0.16704631738800302,0.14238952536824875,0.36700000000000005,0.11145251396648044,0.08470933072789451,0.4047619047619047,0.19646125686394142,0.16936353829557713,0.5335689045936397,0.3851132686084142,0.2125,0.14400000000000002,0.10958904109589042,0.5185185185185185,30.0,False,False,False,False,True,False
Francisco Conceição,0.5384615384615384,0.5514655760054533,0.09558823529411764,0.32673267326732675,0.21428571428571425,0.6198019801980198,0.391304347826087,0.12331233123312332,0.3333333333333333,0.5850277264325324,0.6683893195521102,0.6060606060606061,0.5336273428886439,0.49421487603305786,0.1739130434782609,0.6262135922330098,0.12121212121212122,0.5222222222222221,0.4358974358974359,0.3546666666666667,0.10714285714285715,0.4601063829787234,0.031496062992125984,0.018378378378378378,0.6082690960056062,0.5856777493606138,0.5966228893058162,0.0387243735763098,0.014729950900163664,0.125,0.25540037243947855,0.2442598925256473,0.7619047619047619,0.41976815131177553,0.4448040273282991,0.8215547703180213,0.4789644012944984,0.39999999999999997,0.217,0.06164383561643835,0.2962962962962963,30.0,False,False,False,False,False,True
Malick Fofana,0.05128205128205128,0.09236537150647581,0.1764705882352941,0.32673267326732675,0.37142857142857144,0.45148514851485144,0.42687747035573126,0.3159315931593159,0.42424242424242425,0.3157732593961799,0.370657479184611,0.6212121212121212,0.3572216097023153,0.3578512396694215,0.5217391304347826,0.2912621359223301,0.0,0.26666666666666666,0.0,0.3173333333333333,0.1285714285714286,0.22074468085106383,0.0,0.025945945945945945,0.45059565522074285,0.4961636828644501,0.699812382739212,0.02277904328018223,0.0,0.0,0.16396648044692735,0.1432340009770396,0.5846560846560845,0.25015253203172666,0.2671700827040632,0.765017667844523,0.5242718446601943,0.6,0.29600000000000004,0.1643835616438356,0.18518518518518517,30.0,False,False,True,False,False,False
Marc Bernal,0.3076923076923077,0.10463531015678255,0.1691176470588235,0.1188118811881188,0.6571428571428571,0.15841584158415842,0.09090909090909093,0.8571857185718572,0.45454545454545453,0.38878619839802836,0.29313809933964974,0.07575757575757576,0.22987872105843438,0.19958677685950416,0.391304347826087,0.05339805825242718,0.0,0.0,0.0,0.7573333333333334,0.4892857142857144,0.34308510638297873,0.18110236220472442,0.23459459459459459,0.5276804484933427,0.5856777493606138,0.7129455909943715,0.25588458618071375,0.2815057283142389,0.484,0.5445065176908752,0.5404005862237421,0.8862433862433863,0.3419768151311775,0.3750449478604818,0.8409893992932862,0.01779935275080906,0.0,0.0,0.07534246575342465,0.1111111111111111,30.0,False,True,False,False,False,False
Leon Avdullahu,0.5897435897435898,0.803680981595092,0.0,0.019801980198019802,0.4714285714285714,0.08712871287128714,0.023715415019762848,0.0,0.12121212121212122,0.26740603820086256,0.2520815389032443,0.33333333333333354,0.19570011025358328,0.13719008264462812,0.04347826086956522,0.014563106796116504,0.0,0.07222222222222223,0.0,0.36266666666666664,0.3857142857142858,0.6263297872340425,0.12598425196850394,0.15783783783783784,0.204625087596356,0.1547314578005115,0.4446529080675422,0.1237661351556568,0.1653027823240589,0.561,0.5198324022346368,0.5034684904738642,0.8333333333333334,0.34685784014643073,0.3620999640417116,0.7826855123674912,0.06634304207119741,0.0375,0.154,0.08904109589041097,0.2222222222222222,30.0,True,False,False,False,False,False
Ayden Heaven,0.1794871794871795,0.15098841172460806,0.0,0.0297029702970297,0.45714285714285713,0.05742574257425742,0.0,0.0,0.3636363636363636,0.30036968576709794,0.27648578811369506,0.30303030303030304,0.23318632855567809,0.22272727272727275,0.391304347826087,0.0,0.0,0.05555555555555556,0.0,0.5386666666666666,0.03571428571428572,0.42021276595744683,0.8425196850393701,0.6324324324324324,0.2179397337070778,0.34526854219948844,0.9643527204502815,0.19362186788154898,0.28805237315875615,0.643,0.364804469273743,0.35955056179775285,0.8465608465608466,0.025320317266625994,0.046745774901114714,0.6395759717314489,0.016181229773462785,0.0,0.0,0.06849315068493152,0.14814814814814814,30.0,False,False,False,False,True,False
Ben White,0.05128205128205128,0.076346284935242,0.0,0.0594059405940594,0.41428571428571426,0.12673267326732673,0.051383399209486175,0.0,0.2727272727272727,0.12230437461491066,0.13120872810795292,0.46969696969696967,0.13947078280044103,0.16239669421487604,0.5217391304347826,0.06310679611650485,0.0,0.2111111111111111,0.3333333333333333,0.47733333333333333,0.4107142857142857,0.3776595744680851,0.4015748031496063,0.34594594594594597,0.22074281709880872,0.2762148337595907,0.7542213883677299,0.24829157175398633,0.2504091653027823,0.444,0.33770949720670385,0.29467513434294096,0.611111111111111,0.46552776082977426,0.4642215030564545,0.7579505300353359,0.33171521035598706,0.2375,0.188,0.2602739726027397,0.48148148148148145,30.0,False,False,False,False,True,False
Justin Kluivert,0.2564102564102564,0.1605316973415133,0.13970588235294118,0.21782178217821782,0.45714285714285713,0.3188118811881188,0.15019762845849804,0.35283528352835286,0.42424242424242425,0.22181146025878007,0.26327878265862764,0.6212121212121212,0.1874310915104741,0.2636363636363636,0.5217391304347826,0.18446601941747573,0.2727272727272727,0.3666666666666667,0.0,0.21866666666666665,0.13571428571428573,0.48005319148936165,0.14960629921259844,0.020540540540540542,0.43938332165381927,0.25831202046035806,0.2964352720450282,0.19438116932422173,0.09328968903436988,0.207,0.22029795158286775,0.19257449926722034,0.6005291005291007,0.38773642464917635,0.3937432578209277,0.7614840989399293,0.3220064724919094,0.29374999999999996,0.23800000000000002,0.2602739726027397,0.4074074074074074,30.0,False,False,False,False,True,False
Bafodé Diakité,0.20512820512820512,0.27096114519427406,0.0,0.0,0.5,0.013861386138613863,0.0,0.0,0.06060606060606061,0.24676524953789278,0.21705426356589144,0.25757575757575774,0.3180815876515987,0.28057851239669424,0.2608695652173913,0.0,0.0,0.0,0.0,0.34133333333333327,0.3035714285714286,0.35239361702127664,0.2755905511811023,0.6335135135135136,0.06026629292221443,0.10869565217391304,0.801125703564728,0.36674259681093396,0.4042553191489362,0.493,0.40856610800744875,0.38817782120175875,0.7804232804232805,0.14460036607687615,0.14670981661272922,0.6342756183745585,0.011326860841423949,0.0,0.0,0.04794520547945206,0.3333333333333333,30.0,False,False,False,False,True,False
Ardon Jashari,0.10256410256410256,0.07498295841854125,0.0,0.0297029702970297,0.45714285714285713,0.17821782178217824,0.10276679841897235,0.0,0.0909090909090909,0.4208256315465188,0.4039621016365203,0.3484848484848486,0.360529217199559,0.30785123966942146,0.47826086956521735,0.1262135922330097,0.0,0.21666666666666667,0.0,0.4453333333333333,0.2285714285714286,0.5851063829787234,0.10236220472440945,0.0972972972972973,0.40294323756131745,0.34398976982097185,0.5046904315196998,0.07441154138192863,0.0425531914893617,0.222,0.4370577281191806,0.4310698583292623,0.8597883597883599,0.3746186699206833,0.40704782452355265,0.8409893992932862,0.12459546925566344,0.1625,0.33299999999999996,0.08904109589041097,0.2962962962962963,30.0,False,False,False,False,False,True
Brennan Johnson,0.6153846153846154,0.4233128834355828,0.07352941176470588,0.12871287128712872,0.4714285714285714,0.2376237623762376,0.10276679841897235,0.261026102610261,0.3333333333333333,0.12076401725200245,0.15819695664656902,0.6969696969696969,0.14002205071664828,0.20289256198347108,0.2608695652173913,0.15048543689320387,0.15151515151515152,0.14444444444444446,0.0,0.3706666666666667,0.075,0.29122340425531923,0.03937007874015748,0.18054054054054053,0.28731604765241764,0.2250639386189258,0.4540337711069419,0.11313591495823842,0.13747954173486088,0.5,0.10223463687150836,0.06233512457254519,0.19841269841269843,0.16900549115314212,0.11326860841423948,0.34628975265017675,0.38025889967637544,0.26249999999999996,0.17800000000000002,0.06849315068493152,0.3333333333333333,30.0,False,False,False,False,True,False
Anton Stach,0.48717948717948717,0.6468984321745058,0.13970588235294118,0.10891089108910891,0.6142857142857143,0.4118811881188119,0.20948616600790518,0.27272727272727276,0.15151515151515152,0.18268638324091188,0.2032730404823428,0.5303030303030303,0.18191841234840136,0.2066115702479339,0.13043478260869568,0.18446601941747573,0.12121212121212122,0.2333333333333333,0.10256410256410256,0.6213333333333334,0.27142857142857146,0.5,0.2677165354330709,0.21297297297297296,0.4330763840224247,0.4015345268542199,0.5628517823639775,0.2072892938496583,0.2978723404255319,0.623,0.24720670391061447,0.20214948705422572,0.4973544973544973,0.3004881025015253,0.27112549442646533,0.6095406360424029,0.22653721682847897,0.30624999999999997,0.35100000000000003,0.05479452054794521,0.4444444444444444,28.0,False,False,False,False,True,False
Brajan Gruda,0.5384615384615384,0.3374233128834356,0.1824479791916766,0.31444062773624293,0.4007774538386784,0.46005927123324597,0.3876878814767014,0.30139646617723004,0.4111523397237682,0.3624701883217859,0.43886437721801325,0.6769222840651413,0.3902301824809307,0.4068814302580536,0.5887311446317658,0.38729278119014604,0.0,0.578344671201814,0.6362288505145646,0.3237278911564626,0.04342808551992225,0.5691127514835722,0.0,0.046460746460746466,0.7120499215804051,0.5804800180941941,0.48294852650253367,0.10710540860231717,0.13083826001759133,0.5246394557823129,0.20588334030073852,0.17175026336865967,0.5252402548320917,0.36831193734357687,0.3492638335449246,0.6790702146583015,0.21802280782863306,0.26860119047619047,0.31013945578231294,0.20992917715031217,0.2222222222222222,28.0,False,False,False,True,False,False
Jonathan Rowe,0.46153846153846156,0.38548057259713703,0.125,0.21782178217821782,0.41428571428571426,0.5306930693069307,0.37549407114624506,0.18751875187518752,0.24242424242424243,0.37800369685767093,0.4625322997416021,0.6969696969696969,0.324696802646086,0.3404958677685951,0.2173913043478261,0.6796116504854368,0.0,0.3111111111111111,0.0,0.2773333333333333,0.16071428571428573,0.3922872340425532,0.0,0.018378378378378378,0.7316047652417661,0.7340153452685422,0.6341463414634146,0.17312072892938496,0.14566284779050737,0.364,0.11815642458100557,0.10503175378602835,0.5925925925925928,0.21903599755948747,0.2161093131966918,0.6660777385159011,0.47087378640776706,0.41875,0.231,0.11643835616438357,0.25925925925925924,28.0,False,False,False,False,False,True
Jonathan Tah,0.46153846153846156,0.5245398773006135,0.06617647058823528,0.0297029702970297,0.5857142857142857,0.07128712871287128,0.08695652173913045,0.7500750075007501,0.21212121212121213,0.4316081330868762,0.3878840080390468,0.25757575757575774,0.4002205071664829,0.3516528925619835,0.13043478260869568,0.0,0.0,0.049999999999999996,0.0,0.2506666666666667,0.41428571428571426,0.4348404255319149,0.7401574803149605,0.5978378378378378,0.07498248072880168,0.07161125319693093,0.5384615384615384,0.19286256643887623,0.3142389525368248,0.705,0.7036312849162012,0.7293600390815828,1.0,0.2336790726052471,0.2930600503416037,0.9452296819787986,0.006472491909385114,0.0,0.0,0.027397260273972605,0.5185185185185185,28.0,True,False,False,False,False,False
Karim Coulibaly,0.4358974358974359,0.5596455351056578,0.029411764705882353,0.0297029702970297,0.5142857142857143,0.04950495049504951,0.0158102766798419,0.5001500150015002,0.3333333333333333,0.337030191004313,0.27763422337065746,0.181818181818182,0.25082690187431095,0.20371900826446282,0.13043478260869568,0.0,0.0,0.044444444444444446,0.0,0.272,0.35000000000000003,0.2739361702127659,0.5669291338582677,0.4908108108108108,0.10651716888577435,0.12276214833759591,0.6360225140712947,0.24069855732725892,0.2504091653027823,0.456,0.48379888268156424,0.45002442598925263,0.7460317460317462,0.11744966442953018,0.11254944264653001,0.560070671378092,0.08899676375404532,0.08125,0.231,0.0,0.1111111111111111,28.0,True,False,False,False,False,False
Dilane Bakwa,0.10256410256410256,0.024539877300613498,0.0,0.0891089108910891,0.37142857142857144,0.29108910891089107,0.19367588932806326,0.0,0.1818181818181818,0.39186691312384475,0.42291128337639966,0.5000000000000001,0.406284454244763,0.35619834710743803,0.6521739130434783,0.3155339805825243,0.0,0.2722222222222222,0.41025641025641024,0.13866666666666666,0.0,0.509308510638298,0.12598425196850394,0.03567567567567568,0.536790469516468,0.4258312020460358,0.4559099437148218,0.048595292331055424,0.026186579378068738,0.2,0.21387337057728117,0.18055691255495848,0.5449735449735449,0.3309945088468578,0.32362459546925565,0.7031802120141343,0.7394822006472492,0.6124999999999999,0.214,0.226027397260274,0.2962962962962963,28.0,False,False,False,False,True,False
Christopher Nkunku,0.5641025641025641,0.29686434901158826,0.3455882352941176,0.6237623762376238,0.2571428571428571,0.3821782178217822,0.4229249011857708,0.7242724272427243,1.0,0.1417128773875539,0.13924777490668963,0.3939393939393939,0.09757442116868799,0.10165289256198347,0.1739130434782609,0.22815533980582522,0.0,0.07222222222222223,0.3333333333333333,0.05333333333333334,0.07142857142857144,0.1848404255319149,0.05511811023622048,0.0572972972972973,0.20322354590049058,0.19053708439897696,0.5534709193245778,0.19362186788154898,0.15220949263502456,0.341,0.12839851024208565,0.13023937469467517,0.7883597883597884,0.1891397193410616,0.23516720604099245,0.8886925795053003,0.06472491909385114,0.08125,0.33299999999999996,0.08904109589041097,0.48148148148148145,28.0,False,False,False,False,False,True
Nikola Milenkovic,0.717948717948718,0.9867075664621677,0.0,0.019801980198019802,0.4714285714285714,0.08514851485148515,0.011857707509881424,0.0,0.15151515151515152,0.10782501540357362,0.08957795004306632,0.25757575757575774,0.10198456449834618,0.12851239669421488,0.08695652173913043,0.014563106796116504,0.0,0.016666666666666666,0.0,0.18666666666666665,0.275,0.28457446808510634,0.7559055118110236,0.628108108108108,0.023125437981779965,0.06777493606138106,0.8067542213883677,0.24525436598329536,0.3878887070376432,0.695,0.29841713221601485,0.28099658036150466,0.7433862433862433,0.05338621110433191,0.04782452355267889,0.43462897526501776,0.008090614886731393,0.0,0.0,0.02054794520547945,0.48148148148148145,28.0,False,False,False,False,True,False
Neco Williams,0.6923076923076923,0.929107021131561,0.044117647058823525,0.0594059405940594,0.5,0.25544554455445545,0.20948616600790518,0.1305130513051305,0.12121212121212122,0.24953789279112754,0.2647143267298306,0.46969696969696967,0.26626240352811464,0.27933884297520667,0.08695652173913043,0.0970873786407767,0.0,0.11111111111111112,0.0,0.6826666666666666,0.4714285714285715,0.5132978723404255,0.3779527559055118,0.2670270270270271,0.46881569726699374,0.5191815856777493,0.7073170731707318,0.15261958997722094,0.1783960720130933,0.5,0.2626629422718808,0.2309721543722521,0.6164021164021164,0.25137278828553994,0.23984178353110389,0.648409893992933,0.5501618122977346,0.40625,0.19,0.0,0.3333333333333333,28.0,False,False,False,False,True,False
Matteo Ruggeri,0.41025641025641024,0.44137695978186775,0.0,0.009900990099009901,0.4857142857142857,0.04950495049504951,0.03952569169960475,0.0,0.0909090909090909,0.16420209488601356,0.16767154751650873,0.42424242424242437,0.20341786108048512,0.2012396694214876,0.1739130434782609,0.024271844660194174,0.0,0.11111111111111112,0.0,0.45333333333333337,0.36071428571428577,0.5625,0.11811023622047244,0.3567567567567567,0.2606867554309741,0.16240409207161124,0.348968105065666,0.1556567957479119,0.2160392798690671,0.591,0.3369646182495344,0.3165608207132389,0.7486772486772486,0.3633312995729103,0.3976986695433297,0.8462897526501769,0.7135922330097088,0.8875,0.322,0.10273972602739725,0.2962962962962963,28.0,False,True,False,False,False,False
Wesley Fofana,0.38461538461538464,0.42467620995228356,0.0,0.039603960396039604,0.4428571428571429,0.08316831683168317,0.019762845849802375,0.0,0.2727272727272727,0.35951940850277264,0.326442721791559,0.28787878787878796,0.27453142227122385,0.25041322314049586,0.1739130434782609,0.0,0.0,0.02777777777777778,0.12820512820512822,0.22933333333333333,0.7464285714285714,0.4627659574468085,0.7795275590551181,0.7275675675675676,0.1730903994393833,0.18414322250639384,0.6210131332082551,0.39407744874715267,0.5891980360065466,0.67,0.5246741154562383,0.5215437225207622,0.8888888888888888,0.11744966442953018,0.15605897159295215,0.8445229681978799,0.016181229773462785,0.03125,0.5,0.0,0.37037037037037035,28.0,False,False,False,False,True,False
Assan Ouédraogo,0.23076923076923078,0.16155419222903886,0.27941176470588236,0.22772277227722773,0.7142857142857143,0.504950495049505,0.48616600790513836,0.4443444344434444,0.2727272727272727,0.2381392483056069,0.2770600057421762,0.5909090909090909,0.2590959206174201,0.3231404958677686,0.47826086956521735,0.2766990291262136,0.2727272727272727,0.31666666666666665,0.23076923076923075,0.16533333333333333,0.10000000000000002,0.5545212765957447,0.22047244094488191,0.11243243243243244,0.4246671338472319,0.4143222506393862,0.6003752345215759,0.07972665148063782,0.09328968903436988,0.462,0.17718808193668528,0.1613092330239375,0.6534391534391536,0.21354484441732763,0.2294138798993168,0.7491166077738518,0.06148867313915858,0.056249999999999994,0.25,0.0,0.14814814814814814,28.0,True,False,False,False,False,False
William Osula,0.358974358974359,0.11281526925698705,0.5735294117647058,0.4752475247524752,0.9285714285714285,0.504950495049505,0.5256916996047432,0.9129912991299131,0.5757575757575757,0.12168823166974738,0.16795865633074936,0.7575757575757576,0.14167585446527015,0.21776859504132232,0.6086956521739131,0.4854368932038835,0.3333333333333333,0.12222222222222222,0.0,0.14400000000000002,0.03928571428571429,0.24069148936170212,0.08661417322834646,0.0,0.4456902592852138,0.309462915601023,0.37898686679174487,0.2984054669703873,0.1636661211129296,0.243,0.0,0.004103566194430874,0.5767195767195767,0.0,0.026609133405249917,0.6572438162544171,0.05339805825242719,0.13749999999999998,0.667,0.0,0.25925925925925924,28.0,False,False,False,False,True,False
Jaydee Canvot,0.2564102564102564,0.29107021131561006,0.0,0.09900990099009901,0.35714285714285715,0.09306930693069307,0.027667984189723323,0.0,0.6363636363636364,0.23197781885397414,0.2515073212747631,0.5000000000000001,0.2932745314222712,0.3243801652892562,0.3043478260869566,0.0,0.0,0.03888888888888889,0.0,0.6666666666666666,0.2892857142857143,0.3856382978723405,0.6929133858267716,0.7513513513513513,0.26419060967063773,0.2979539641943734,0.6885553470919326,0.27334851936218674,0.40916530278232405,0.6609999999999999,0.39683426443202974,0.3786028334147533,0.7857142857142858,0.19707138499084803,0.21970514203523908,0.7738515901060071,0.05501618122977347,0.0,0.0,0.04794520547945206,0.14814814814814814,28.0,False,False,False,False,True,False
Enzo Le Fée,0.6666666666666666,0.83640081799591,0.1102941176470588,0.15841584158415842,0.5,0.21782178217821785,0.14624505928853757,0.41674167416741675,0.42424242424242425,0.20548367221195316,0.19092736146999711,0.3181818181818181,0.15766262403528117,0.1334710743801653,0.04347826086956522,0.15048543689320387,0.0,0.08333333333333333,0.0,0.6933333333333334,0.3178571428571429,0.5292553191489361,0.29133858267716534,0.11891891891891893,0.4491941135248773,0.428388746803069,0.5834896810506567,0.14730447987851178,0.09001636661211129,0.261,0.23417132216014894,0.20517830972154374,0.605820105820106,0.276693105552166,0.26285508809780656,0.6537102473498234,0.2184466019417476,0.17500000000000002,0.204,0.3356164383561644,0.37037037037037035,28.0,False,False,False,False,True,False
Maxime Estève,0.6153846153846154,0.8374233128834356,0.0,0.019801980198019802,0.4714285714285714,0.061386138613861385,0.011857707509881424,0.0,0.21212121212121213,0.10597658656808379,0.10221073786965258,0.3787878787878788,0.12899669239250275,0.16322314049586778,0.08695652173913043,0.0,0.0,0.0,0.0,0.32533333333333336,0.4035714285714286,0.36569148936170215,0.7716535433070866,0.7318918918918919,0.06026629292221443,0.11508951406649616,0.8311444652908068,0.2611996962794229,0.40098199672667756,0.6779999999999999,0.3006517690875233,0.2839276990718124,0.7513227513227515,0.034167175106772425,0.032362459546925564,0.4151943462897527,0.02912621359223301,0.0375,0.33299999999999996,0.0,0.2962962962962963,28.0,False,False,False,False,True,False
Dominic Solanke,0.1282051282051282,0.17723244717109748,0.19852941176470587,0.21782178217821782,0.5714285714285714,0.3564356435643565,0.391304347826087,0.45004500450045004,0.3636363636363636,0.12045594577942081,0.14987080103359174,0.6363636363636366,0.0997794928335171,0.12024793388429751,0.3043478260869566,0.3058252427184466,0.2727272727272727,0.049999999999999996,0.0,0.49333333333333335,0.09642857142857145,0.3085106382978724,0.14173228346456693,0.10702702702702703,0.40504555010511567,0.39002557544757027,0.5891181988742965,0.40318906605922555,0.2945990180032733,0.32799999999999996,0.04869646182495345,0.03654127992183683,0.41005291005291006,0.0970103721781574,0.10895361380798274,0.6519434628975267,0.02912621359223301,0.0,0.0,0.0,0.48148148148148145,28.0,False,False,False,False,True,False
Jack Hinshelwood,0.4358974358974359,0.4328561690524881,0.15441176470588233,0.24752475247524752,0.4285714285714286,0.37623762376237624,0.30434782608695654,0.32433243324332434,0.3939393939393939,0.15064695009242146,0.14183175423485497,0.3484848484848486,0.15104740904079383,0.15867768595041323,0.1739130434782609,0.04854368932038835,0.15151515151515152,0.02777777777777778,0.0,0.22666666666666666,0.09285714285714286,0.31914893617021284,0.1653543307086614,0.13945945945945945,0.19761737911702876,0.10741687979539641,0.3151969981238274,0.12300683371298406,0.10147299509001637,0.34299999999999997,0.21890130353817502,0.19599413776257943,0.6375661375661374,0.2147651006711409,0.2081984897518878,0.646643109540636,0.05825242718446602,0.0,0.0,0.14383561643835616,0.18518518518518517,28.0,False,False,False,False,True,False
Mattéo Guendouzi,0.15384615384615385,0.3237900477164281,0.09558823529411764,0.07920792079207921,0.5571428571428572,0.2,0.19762845849802374,0.37503750375037503,0.24242424242424243,0.2452248921749846,0.21619293712316967,0.25757575757575774,0.14002205071664828,0.11363636363636363,0.1739130434782609,0.0,0.0,0.10555555555555556,0.0,0.2,0.2464285714285714,0.42021276595744683,0.2992125984251969,0.09513513513513513,0.24176594253679048,0.2301790281329923,0.5666041275797373,0.0387243735763098,0.062193126022913256,0.545,0.3470204841713221,0.3296531509526136,0.7698412698412698,0.34533251982916413,0.36785329018338725,0.8056537102473498,0.2038834951456311,0.27499999999999997,0.35,0.17123287671232876,0.4074074074074074,27.0,False,False,False,False,False,True
Manuel Locatelli,0.6666666666666666,0.8602590320381731,0.022058823529411763,0.07920792079207921,0.4285714285714286,0.27326732673267323,0.1422924901185771,0.06510651065106511,0.1818181818181818,0.4063462723351818,0.35285673270169393,0.2272727272727273,0.3671444321940463,0.32727272727272727,0.08695652173913043,0.029126213592233007,0.0,0.16666666666666666,0.0,0.7813333333333333,0.41785714285714287,0.6183510638297872,0.5196850393700787,0.24324324324324326,0.38962859145059564,0.469309462915601,0.7729831144465292,0.13895216400911162,0.18166939443535188,0.552,0.6987895716945997,0.6575476306790425,0.7857142857142858,0.7474069554606467,0.7594390507011864,0.8180212014134276,0.06796116504854369,0.01875,0.071,0.226027397260274,0.4444444444444444,25.0,False,False,False,False,False,True
Marcus Tavernier,0.6153846153846154,0.7695978186775733,0.1691176470588235,0.297029702970297,0.39999999999999997,0.4554455445544554,0.3122529644268775,0.3000300030003,0.3939393939393939,0.3339494762784966,0.37180591444157335,0.5454545454545454,0.29437706725468576,0.31363636363636366,0.13043478260869568,0.3495145631067961,0.0,0.34444444444444444,0.0,0.3146666666666667,0.20000000000000004,0.5571808510638298,0.15748031496062992,0.13837837837837838,0.45480028030833913,0.3631713554987212,0.4615384615384615,0.14123006833712984,0.1292962356792144,0.387,0.26154562383612656,0.23654127992183685,0.664021164021164,0.42495424039048196,0.4322186263933836,0.7738515901060071,0.3559870550161813,0.18749999999999997,0.134,0.2465753424657534,0.4074074074074074,25.0,False,False,False,False,True,False
Albian Hajdari,0.5128205128205128,0.6680299931833674,0.029411764705882353,0.0594059405940594,0.45714285714285713,0.1386138613861386,0.05928853754940712,0.15781578157815782,0.2727272727272727,0.2529266789895256,0.21734137238013207,0.2272727272727273,0.20782800441014335,0.20041322314049587,0.13043478260869568,0.019417475728155338,0.0,0.0,0.0,0.536,0.5535714285714286,0.4162234042553192,0.6377952755905513,0.6583783783783783,0.24807288016818502,0.26982097186700765,0.6604127579737337,0.2862566438876234,0.33224222585924706,0.514,0.4554934823091247,0.40214948705422576,0.6428571428571428,0.25625381330079317,0.16181229773462782,0.31272084805653716,0.1197411003236246,0.06874999999999999,0.15,0.10273972602739725,0.25925925925925924,25.0,True,False,False,False,False,False
Quinten Timber,0.1282051282051282,0.21506475800954328,0.0,0.07920792079207921,0.3857142857142857,0.1603960396039604,0.0632411067193676,0.0,0.30303030303030304,0.281577325939618,0.2449038185472294,0.24242424242424238,0.2513781697905182,0.24669421487603307,0.3043478260869566,0.07766990291262135,0.0,0.044444444444444446,0.0,0.6346666666666666,0.23214285714285718,0.38696808510638303,0.0,0.04432432432432432,0.5893482831114226,0.578005115089514,0.6097560975609756,0.010630220197418376,0.026186579378068738,0.5,0.2821229050279329,0.26370297997068887,0.7275132275132276,0.34563758389261745,0.33009708737864074,0.6802120141342757,0.07928802588996764,0.049999999999999996,0.16699999999999998,0.2808219178082192,0.3333333333333333,25.0,False,False,True,False,False,False
Robin Le Normand,0.46153846153846156,0.4441036128152693,0.03676470588235294,0.0297029702970297,0.5285714285714286,0.0594059405940594,0.019762845849802375,0.5001500150015002,0.30303030303030304,0.29698089956869994,0.2718920470858455,0.30303030303030304,0.269018743109151,0.23925619834710746,0.1739130434782609,0.0,0.0,0.0,0.0,0.43733333333333335,0.36071428571428577,0.2779255319148936,0.2755905511811023,0.5351351351351351,0.15276804484933426,0.19948849104859334,0.75046904315197,0.27790432801822323,0.42062193126022906,0.6709999999999999,0.4083798882681564,0.39579872984855885,0.8201058201058201,0.06528370957901158,0.07802948579647608,0.6166077738515903,0.024271844660194174,0.03125,0.33299999999999996,0.0,0.5185185185185185,25.0,False,True,False,False,False,False
Samson Baidoo,0.3333333333333333,0.4591002044989775,0.07352941176470588,0.07920792079207921,0.5285714285714286,0.16633663366336635,0.0790513833992095,0.35283528352835286,0.2727272727272727,0.2344423906346272,0.18805627332759114,0.16666666666666663,0.1708930540242558,0.14173553719008267,0.13043478260869568,0.0,0.0,0.02777777777777778,0.0,0.4106666666666667,0.4035714285714286,0.589095744680851,0.968503937007874,0.44216216216216214,0.1317449194113525,0.17391304347826084,0.7354596622889307,0.3264996203492787,0.35515548281505727,0.484,0.40158286778398505,0.4053737176355643,0.902116402116402,0.010067114093959733,0.05501618122977347,0.8992932862190814,0.0,0.0,0.0,0.0,0.2222222222222222,25.0,False,False,True,False,False,False
Ramon Hendriks,0.5384615384615384,0.5255623721881391,0.0,0.009900990099009901,0.4857142857142857,0.04356435643564357,0.0,0.0,0.1818181818181818,0.37307455329636474,0.3614699971289118,0.3636363636363637,0.2794928335170893,0.21404958677685954,0.13043478260869568,0.0,0.0,0.049999999999999996,0.23076923076923075,0.38133333333333336,0.3321428571428572,0.2805851063829788,0.3858267716535433,0.3654054054054054,0.1716888577435179,0.2647058823529411,0.8986866791744842,0.20577069096431283,0.32078559738134205,0.677,0.4269087523277467,0.4180752320468979,0.8439153439153442,0.1693105552165955,0.17583603020496222,0.678445229681979,0.14401294498381878,0.16875,0.3,0.027397260273972605,0.3333333333333333,25.0,True,False,False,False,False,False
Sam Beukema,0.358974358974359,0.40899795501022496,0.08088235294117646,0.0891089108910891,0.5285714285714286,0.08514851485148515,0.08300395256916997,0.7500750075007501,0.6363636363636364,0.32409118915588414,0.25667527993109385,0.13636363636363644,0.24586549062844543,0.21776859504132232,0.1739130434782609,0.0,0.0,0.0,0.0,0.23733333333333334,0.26785714285714285,0.42154255319148937,0.4645669291338582,0.3362162162162162,0.07288016818500351,0.054987212276214836,0.4652908067542214,0.23462414578587698,0.27986906710310966,0.525,0.6006517690875233,0.5900341963849537,0.8703703703703706,0.27577791336180596,0.2873067241999281,0.7526501766784452,0.05177993527508091,0.0,0.0,0.0,0.4444444444444444,25.0,False,False,False,False,False,True
Sander Berge,0.6410256410256411,0.8285616905248807,0.0,0.04950495049504951,0.4285714285714286,0.0910891089108911,0.03557312252964427,0.0,0.30303030303030304,0.38601355514479363,0.38759689922480617,0.4090909090909093,0.3219404630650496,0.2892561983471074,0.08695652173913043,0.04368932038834951,0.0,0.08333333333333333,0.07692307692307691,0.43466666666666665,0.275,0.44813829787234044,0.36220472440944884,0.16756756756756758,0.204625087596356,0.19948849104859334,0.577861163227017,0.17615793470007593,0.25368248772504093,0.617,0.4140595903165735,0.4027357107962873,0.828042328042328,0.21842586943258083,0.2599784250269687,0.8674911660777385,0.06472491909385114,0.056249999999999994,0.231,0.06164383561643835,0.4444444444444444,25.0,False,False,False,False,True,False
Raúl Asencio,0.3333333333333333,0.4178595773687798,0.08088235294117646,0.06930693069306931,0.5571428571428572,0.14653465346534653,0.08300395256916997,0.42874287428742874,0.2727272727272727,0.30622304374614906,0.2667240884295147,0.24242424242424238,0.31973539140022056,0.2830578512396694,0.1739130434782609,0.024271844660194174,0.0,0.06111111111111111,0.0,0.20533333333333334,0.1892857142857143,0.26595744680851063,0.5433070866141732,0.32540540540540536,0.11422564821303434,0.159846547314578,0.7598499061913696,0.13439635535307518,0.18166939443535188,0.568,0.49832402234636863,0.507865168539326,0.9391534391534392,0.11378889566809028,0.14706939949658396,0.8109540636042405,0.008090614886731393,0.0,0.0,0.07534246575342465,0.25925925925925924,25.0,False,True,False,False,False,False
Dani Vivian,0.5384615384615384,0.7099522835719154,0.029411764705882353,0.039603960396039604,0.4857142857142857,0.1188118811881188,0.08300395256916997,0.17641764176417643,0.21212121212121213,0.23321010474430068,0.2138960666092449,0.30303030303030304,0.22877618522601986,0.2450413223140496,0.13043478260869568,0.0,0.0,0.03888888888888889,0.0,0.4799999999999999,0.4000000000000001,0.5079787234042553,0.36220472440944884,0.5427027027027027,0.23195515066573227,0.2250639386189258,0.5797373358348968,0.17312072892938496,0.1783960720130933,0.44299999999999995,0.35735567970204835,0.32955544699560335,0.7142857142857143,0.1284319707138499,0.10643653362099963,0.4681978798586573,0.06310679611650485,0.06874999999999999,0.273,0.027397260273972605,0.4074074074074074,25.0,False,True,False,False,False,False
Chris Rigg,0.20512820512820512,0.09747784594410361,0.08823529411764705,0.09900990099009901,0.5285714285714286,0.2792079207920792,0.1383399209486166,0.24992499249924993,0.21212121212121213,0.11614294516327787,0.09962675854148723,0.2727272727272729,0.07662624035281146,0.07561983471074381,0.3043478260869566,0.11165048543689321,0.0,0.12777777777777777,0.0,0.3733333333333333,0.16785714285714287,0.3550531914893617,0.09448818897637795,0.12648648648648647,0.29081990189208135,0.3043478260869565,0.6378986866791745,0.10250569476082005,0.07692307692307691,0.308,0.1493482309124767,0.10933072789447974,0.3518518518518518,0.17876754118364854,0.154980222941388,0.5282685512367493,0.20873786407766992,0.29374999999999996,0.364,0.15753424657534248,0.1111111111111111,25.0,False,False,False,False,True,False
David Raum,0.5128205128205128,0.7075664621676891,0.08088235294117646,0.07920792079207921,0.5428571428571429,0.16831683168316833,0.1106719367588933,0.37503750375037503,0.2727272727272727,0.2982131854590265,0.3046224519092736,0.42424242424242437,0.3638368246968026,0.3735537190082645,0.13043478260869568,0.05339805825242718,0.0,0.1388888888888889,0.0,0.41600000000000004,0.3785714285714286,0.6183510638297872,0.22047244094488191,0.3956756756756757,0.2648913805185705,0.24808184143222506,0.5609756097560976,0.08504176157934701,0.0916530278232406,0.43200000000000005,0.47234636871508373,0.4049829018075233,0.5899470899470899,0.4255643685173886,0.37396619920891766,0.6095406360424029,0.5760517799352751,0.575,0.257,0.21917808219178084,0.4444444444444444,25.0,True,False,False,False,False,False
Conor Bradley,0.1282051282051282,0.15405589638718473,0.0,0.019801980198019802,0.4714285714285714,0.11485148514851484,0.0,0.0,0.12121212121212122,0.37369069624152806,0.385587137525122,0.43939393939393945,0.37375964718853366,0.3681818181818182,0.4347826086956522,0.04854368932038835,0.0,0.10555555555555556,0.25641025641025644,0.45333333333333337,0.45,0.4534574468085107,0.30708661417322836,0.30270270270270266,0.5732305536089699,0.4514066496163683,0.4502814258911819,0.21336370539104024,0.23731587561374792,0.484,0.3586592178770949,0.3233023937469468,0.6719576719576722,0.4039048200122025,0.4066882416396979,0.7561837455830389,0.37540453074433655,0.24375,0.16699999999999998,0.19863013698630136,0.25925925925925924,25.0,False,False,False,False,True,False
Charlie Cresswell,0.48717948717948717,0.6997273346966598,0.08088235294117646,0.1188118811881188,0.4857142857142857,0.2594059405940594,0.1699604743083004,0.2433243324332433,0.2727272727272727,0.25015403573629086,0.21418317542348547,0.2272727272727273,0.19735391400220506,0.21487603305785125,0.13043478260869568,0.0,0.0,0.022222222222222223,0.0,0.21066666666666667,0.3535714285714286,0.25132978723404253,0.7795275590551181,0.664864864864865,0.10161177295024529,0.07033248081841431,0.4296435272045029,0.5261958997722096,0.7561374795417348,0.65,0.3824022346368715,0.35271128480703473,0.7195767195767198,0.08999389871873094,0.049622437971952524,0.2561837455830389,0.011326860841423949,0.0,0.0,0.0,0.2962962962962963,25.0,False,False,True,False,False,False
Carlos Romero,0.6666666666666666,0.9253578732106339,0.125,0.07920792079207921,0.6285714285714286,0.23366336633663365,0.13438735177865616,0.42874287428742874,0.21212121212121213,0.2603203943314849,0.3178294573643411,0.6666666666666667,0.2938257993384785,0.2772727272727273,0.08695652173913043,0.23300970873786406,0.0909090909090909,0.1388888888888889,0.07692307692307691,0.6933333333333334,0.4035714285714286,0.5492021276595744,0.3307086614173228,0.2227027027027027,0.44498948843728103,0.4744245524296675,0.6716697936210131,0.05694760820045558,0.06382978723404255,0.424,0.1814711359404097,0.1543722520762091,0.5502645502645502,0.15222696766320928,0.14383315354189138,0.5812720848056538,0.40614886731391586,0.28125,0.18,0.02054794520547945,0.3333333333333333,25.0,False,True,False,False,False,False
Ollie Watkins,0.6923076923076923,0.8084526244035446,0.3676470588235294,0.4752475247524752,0.5428571428571429,0.5188118811881188,0.47430830039525695,0.5784578457845785,0.5454545454545454,0.08964879852125691,0.11455641688199825,0.6363636363636366,0.11245865490628446,0.16818181818181818,0.13043478260869568,0.42718446601941745,0.1818181818181818,0.10555555555555556,0.0,0.14933333333333332,0.06785714285714287,0.10771276595744682,0.047244094488188976,0.050810810810810805,0.2803083391730904,0.20588235294117646,0.4221388367729831,0.2088078967350038,0.18657937806873975,0.387,0.056145251396648034,0.040351734245236935,0.37566137566137575,0.11348383160463696,0.11722402013664147,0.6113074204946997,0.03559870550161812,0.0375,0.28600000000000003,0.06164383561643835,0.5555555555555556,25.0,False,False,False,False,True,False
Noah Okafor,0.46153846153846156,0.37082481254260397,0.338235294117647,0.297029702970297,0.7285714285714286,0.398019801980198,0.3399209486166008,0.6858685868586859,0.45454545454545453,0.30591497227356745,0.4467413149583693,0.9848484848484849,0.3577728776185226,0.4822314049586777,0.3478260869565218,0.1941747572815534,0.0,0.2888888888888889,0.0,0.3173333333333333,0.2464285714285714,0.3670212765957447,0.047244094488188976,0.09945945945945947,0.6271899088997898,0.4411764705882353,0.37898686679174487,0.12604403948367504,0.11292962356792142,0.375,0.09376163873370576,0.07552515876893014,0.46825396825396837,0.14063453325198289,0.15174397698669542,0.6855123674911661,0.34304207119741104,0.25,0.18899999999999997,0.07534246575342465,0.37037037037037035,25.0,False,False,False,False,True,False
Mikel Oyarzabal,0.6153846153846154,0.7614178595773687,0.3676470588235294,0.504950495049505,0.4857142857142857,0.5188118811881188,0.47035573122529645,0.5697569756975698,0.5757575757575757,0.1805298829328404,0.2021246052253804,0.5303030303030303,0.18632855567805953,0.19338842975206613,0.08695652173913043,0.2718446601941748,0.30303030303030304,0.2777777777777778,0.1794871794871795,0.22133333333333333,0.04642857142857143,0.31117021276595747,0.07874015748031496,0.10054054054054054,0.3672039243167485,0.33375959079283885,0.5440900562851781,0.2680334092634776,0.21112929623567922,0.348,0.15623836126629423,0.12711284807034687,0.4841269841269841,0.2352043929225137,0.20999640417116144,0.5777385159010602,0.09061488673139159,0.01875,0.059000000000000004,0.31506849315068497,0.48148148148148145,25.0,False,True,False,False,False,False
Keane Lewis-Potter,0.6666666666666666,0.5071574642126789,0.10294117647058824,0.13861386138613863,0.5,0.28118811881188116,0.16205533596837945,0.29042904290429045,0.30303030303030304,0.16759088108441156,0.19322423198392188,0.5606060606060608,0.19073869900771775,0.21239669421487606,0.1739130434782609,0.08737864077669902,0.0,0.12777777777777777,0.12820512820512822,0.24533333333333335,0.19642857142857145,0.48537234042553185,0.07086614173228346,0.1827027027027027,0.32445690259285215,0.32225063938618925,0.6060037523452158,0.12148823082763859,0.0818330605564648,0.282,0.15819366852886407,0.13072789447972646,0.5052910052910051,0.17297132397803539,0.16936353829557713,0.6289752650176678,0.4951456310679612,0.6,0.313,0.03424657534246576,0.3333333333333333,25.0,False,False,False,False,True,False
Julian Ryerson,0.5384615384615384,0.610770279481936,0.0,0.039603960396039604,0.4428571428571429,0.09504950495049505,0.0158102766798419,0.0,0.24242424242424243,0.26001232285890324,0.2609819121447028,0.4090909090909093,0.3054024255788313,0.25950413223140495,0.13043478260869568,0.038834951456310676,0.0,0.24444444444444444,0.30769230769230765,0.32533333333333336,0.19642857142857145,0.538563829787234,0.12598425196850394,0.17513513513513515,0.43167484232655917,0.278772378516624,0.34146341463414637,0.06454062262718299,0.07201309328968904,0.423,0.2508379888268156,0.22354665363947243,0.6375661375661374,0.3694325808419768,0.36533620999640415,0.7261484098939929,1.0,0.84375,0.218,0.05479452054794521,0.48148148148148145,25.0,True,False,False,False,False,False
Konstantinos Koulierakis,0.48717948717948717,0.6820040899795501,0.1102941176470588,0.1188118811881188,0.5428571428571429,0.18613861386138614,0.1739130434782609,0.4614461446144615,0.3636363636363636,0.2529266789895256,0.23973585989089866,0.33333333333333354,0.26736493936052924,0.25702479338842976,0.13043478260869568,0.05339805825242718,0.0,0.06111111111111111,0.0,0.34133333333333327,0.47857142857142865,0.30186170212765956,0.4251968503937008,0.6356756756756756,0.1044148563419762,0.1342710997442455,0.6941838649155723,0.29233105542900534,0.37479541734860883,0.568,0.41750465549348226,0.3770395701025892,0.6825396825396826,0.1452104942037828,0.12261776339446241,0.4929328621908127,0.11812297734627832,0.20625,0.45,0.07534246575342465,0.25925925925925924,25.0,True,False,False,False,False,False
Kenneth Taylor,0.1794871794871795,0.31356509884117245,0.13970588235294118,0.12871287128712872,0.5857142857142857,0.20396039603960398,0.15415019762845852,0.5625562556255626,0.3939393939393939,0.18699938385705484,0.1636520241171404,0.2727272727272729,0.1444321940463065,0.12644628099173552,0.1739130434782609,0.1553398058252427,0.1818181818181818,0.10555555555555556,0.0,0.32533333333333336,0.2285714285714286,0.285904255319149,0.30708661417322836,0.06918918918918919,0.3083391730903995,0.2289002557544757,0.424015009380863,0.040242976461655276,0.052373158756137475,0.455,0.31908752327746737,0.30864680019540797,0.7989417989417991,0.35906040268456374,0.3656957928802589,0.7561837455830389,0.09385113268608414,0.0375,0.111,0.0,0.2962962962962963,25.0,False,False,False,False,False,True
Denis Zakaria,0.358974358974359,0.5293115201090661,0.06617647058823528,0.07920792079207921,0.5142857142857143,0.15841584158415842,0.051383399209486175,0.3333333333333333,0.2727272727272727,0.3228589032655576,0.32500717772035603,0.4090909090909093,0.340683572216097,0.32272727272727275,0.1739130434782609,0.04368932038834951,0.0,0.022222222222222223,0.0,0.4133333333333333,0.6321428571428572,0.4960106382978723,0.5196850393700787,0.30594594594594593,0.19761737911702876,0.18414322250639384,0.5497185741088181,0.08352315869400152,0.10801963993453355,0.517,0.3742085661080074,0.3817293600390816,0.9206349206349206,0.1409395973154362,0.18087019057892845,0.8568904593639577,0.08576051779935276,0.024999999999999998,0.083,0.027397260273972605,0.5185185185185185,25.0,False,False,True,False,False,False
Nicolas Seiwald,0.5897435897435898,0.7576687116564417,0.0,0.0594059405940594,0.41428571428571426,0.12475247524752475,0.09090909090909093,0.0,0.30303030303030304,0.1906962415280345,0.16767154751650873,0.2727272727272729,0.13230429988974643,0.17520661157024794,0.13043478260869568,0.03398058252427185,0.0,0.07222222222222223,0.07692307692307691,0.552,0.6642857142857144,0.42021276595744683,0.25984251968503935,0.23027027027027025,0.15697266993693065,0.2237851662404092,0.8198874296435273,0.1404707668944571,0.18003273322422259,0.541,0.3639664804469273,0.3513434294088911,0.8042328042328044,0.14826113483831602,0.15713772024451636,0.676678445229682,0.0372168284789644,0.043750000000000004,0.28600000000000003,0.06849315068493152,0.3333333333333333,25.0,True,False,False,False,False,False
Diego Moreira,0.4358974358974359,0.5320381731424676,0.13235294117647056,0.0891089108910891,0.6285714285714286,0.25346534653465347,0.19367588932806326,0.41374137413741374,0.21212121212121213,0.33487369069624157,0.4022394487510767,0.6515151515151516,0.35611907386990077,0.3739669421487603,0.1739130434782609,0.1262135922330097,0.2727272727272727,0.29444444444444445,0.10256410256410256,0.4826666666666667,0.3321428571428572,0.46409574468085113,0.14173228346456693,0.12864864864864864,0.570427470217239,0.4808184143222506,0.4971857410881801,0.0865603644646925,0.10801963993453355,0.5,0.30595903165735566,0.26624328285295557,0.6031746031746031,0.3053691275167785,0.27831715210355984,0.6219081272084807,0.5987055016181231,0.49375,0.214,0.06164383561643835,0.2222222222222222,25.0,False,False,True,False,False,False
Mats Wieffer,0.41025641025641024,0.4867075664621677,0.06617647058823528,0.0891089108910891,0.5,0.16831683168316833,0.1106719367588933,0.3333333333333333,0.3333333333333333,0.21780653111521872,0.19810508182601205,0.30303030303030304,0.19955898566703417,0.16776859504132233,0.13043478260869568,0.09223300970873786,0.0,0.07777777777777778,0.0,0.7946666666666666,0.42142857142857143,0.547872340425532,0.25984251968503935,0.3621621621621622,0.5038542396636301,0.4629156010230179,0.5572232645403378,0.30903568716780566,0.3404255319148936,0.489,0.3032588454376164,0.2715192965315095,0.6534391534391536,0.23947528981086025,0.246314275440489,0.7190812720848058,0.12135922330097088,0.08750000000000001,0.188,0.09589041095890412,0.4074074074074074,25.0,False,False,False,False,True,False
Mathys Tel,0.5384615384615384,0.2937968643490116,0.19852941176470587,0.15841584158415842,0.6428571428571428,0.46534653465346537,0.21343873517786563,0.34293429342934295,0.21212121212121213,0.4242144177449168,0.5070341659488947,0.6666666666666667,0.4498346196251378,0.40371900826446283,0.2608695652173913,0.3592233009708738,0.21212121212121213,0.26111111111111107,0.0,0.30400000000000005,0.14285714285714288,0.5438829787234043,0.10236220472440945,0.08648648648648649,0.741415557112824,0.578005115089514,0.4409005628517823,0.24601366742596809,0.1751227495908347,0.314,0.14050279329608936,0.11577918905715684,0.5000000000000002,0.2095790115924344,0.20100683207479322,0.6325088339222615,0.46601941747572817,0.5,0.27899999999999997,0.0,0.18518518518518517,25.0,False,False,False,False,True,False
Gianluca Scamacca,0.358974358974359,0.28595773687798226,0.5,0.45544554455445546,0.8142857142857143,0.7702970297029703,0.5928853754940712,0.5262526252625263,0.3636363636363636,0.08841651263093037,0.059718633362044214,0.15151515151515152,0.0,0.0,0.0,0.1650485436893204,0.0,0.11111111111111112,0.0,0.11200000000000002,0.07142857142857144,0.1914893617021277,0.11023622047244096,0.11027027027027027,0.34057463209530486,0.2237851662404092,0.3602251407129456,0.19893697798025814,0.2896890343698854,0.634,0.11703910614525137,0.08168050806057645,0.3121693121693121,0.24649176327028674,0.2056814095649047,0.5229681978798586,0.0,0.0,0.0,0.04794520547945206,0.4444444444444444,25.0,False,False,False,False,False,True
Harry Wilson,0.6666666666666666,0.7535787321063395,0.2426470588235294,0.18811881188118812,0.7000000000000001,0.5168316831683168,0.33201581027667987,0.38463846384638467,0.21212121212121213,0.18484288354898337,0.19666953775480905,0.46969696969696967,0.13340683572216097,0.12231404958677686,0.08695652173913043,0.4223300970873786,0.30303030303030304,0.20555555555555555,0.1794871794871795,0.224,0.17857142857142858,0.26595744680851063,0.07874015748031496,0.17405405405405405,0.23545900490539595,0.24296675191815856,0.6191369606003753,0.0501138952164009,0.027823240589198037,0.2,0.15828677839851024,0.13981436248168053,0.6005291005291007,0.24130567419158022,0.24955052139518155,0.7261484098939929,0.22653721682847897,0.23124999999999998,0.262,0.226027397260274,0.48148148148148145,25.0,False,False,False,False,True,False
Ernest Poku,0.48717948717948717,0.3421949556918882,0.2205882352941176,0.1782178217821782,0.6857142857142857,0.32475247524752476,0.2173913043478261,0.5556555655565557,0.3333333333333333,0.37861983980283426,0.4656904966982487,0.6969696969696969,0.4796030871003308,0.5086776859504133,0.2608695652173913,0.2669902912621359,0.3636363636363636,0.5722222222222222,0.4615384615384615,0.17600000000000002,0.17500000000000002,0.2566489361702128,0.047244094488188976,0.09837837837837839,0.47021723896285916,0.33375959079283885,0.3902439024390244,0.08276385725132879,0.02945990180032733,0.14300000000000002,0.2313780260707635,0.2085979482169028,0.6534391534391536,0.3694325808419768,0.3736066163250629,0.7526501766784452,0.11812297734627832,0.0,0.0,0.0,0.2222222222222222,25.0,True,False,False,False,False,False
Nathan Ngoy,0.48717948717948717,0.6557600545330606,0.029411764705882353,0.04950495049504951,0.4857142857142857,0.16237623762376238,0.08695652173913045,0.13651365136513652,0.1818181818181818,0.37800369685767093,0.37266724088429515,0.3787878787878788,0.43274531422271223,0.390495867768595,0.13043478260869568,0.07281553398058252,0.0,0.022222222222222223,0.0,0.296,0.4821428571428572,0.4787234042553191,0.3858267716535433,0.4010810810810811,0.0882971268395235,0.12787723785166238,0.7410881801125704,0.12832194381169326,0.1783960720130933,0.58,0.49078212290502793,0.484904738641915,0.8703703703703706,0.08023184868822453,0.09133405249910104,0.6236749116607774,0.03074433656957929,0.024999999999999998,0.2,0.07534246575342465,0.25925925925925924,25.0,False,False,True,False,False,False
Denzel Dumfries,0.2564102564102564,0.2886843899113838,0.14705882352941177,0.2376237623762376,0.45714285714285713,0.3089108910891089,0.13438735177865616,0.39123912391239124,0.45454545454545453,0.06007393715341958,0.060579959804766,0.4090909090909093,0.0782800441014333,0.10867768595041323,0.2608695652173913,0.0970873786407767,0.0,0.03888888888888889,0.0,0.256,0.16785714285714287,0.2167553191489362,0.0,0.1535135135135135,0.22845129642606868,0.1867007672634271,0.4821763602251407,0.2642369020501139,0.33224222585924706,0.556,0.15437616387337055,0.13375671714704448,0.5714285714285713,0.19035997559487491,0.1844660194174757,0.6307420494699648,0.3737864077669903,0.2125,0.147,0.0,0.5185185185185185,25.0,False,False,False,False,False,True
Mikel Merino,0.3076923076923077,0.18643490115882755,0.25735294117647056,0.297029702970297,0.5714285714285714,0.3821782178217822,0.2766798418972332,0.5454545454545455,0.45454545454545453,0.0878003696857671,0.07321274763135228,0.2727272727272729,0.05622932745314224,0.09049586776859503,0.3043478260869566,0.04368932038834951,0.0,0.09999999999999999,0.23076923076923075,0.5733333333333334,0.31428571428571433,0.5664893617021277,0.14173228346456693,0.18054054054054053,0.48283111422564823,0.4552429667519181,0.575984990619137,0.45861807137433563,0.40098199672667756,0.39399999999999996,0.21815642458100556,0.1743038593063019,0.462962962962963,0.2895057962172056,0.23660553757641134,0.5159010600706715,0.05663430420711974,0.0,0.0,0.7191780821917809,0.5185185185185185,25.0,False,False,False,False,True,False
Tylel Tati,0.2564102564102564,0.4239945466939332,0.0,0.009900990099009901,0.4857142857142857,0.031683168316831684,0.0,0.0,0.2727272727272727,0.32778804682686385,0.3135228251507321,0.3484848484848486,0.3671444321940463,0.3590909090909091,0.2173913043478261,0.024271844660194174,0.0,0.0,0.0,0.22933333333333333,0.3178571428571429,0.3045212765957447,0.6141732283464567,0.4454054054054054,0.11492641906096708,0.15728900255754474,0.7429643527204502,0.09339407744874716,0.11129296235679215,0.48100000000000004,0.3780260707635009,0.3600390815828041,0.7804232804232805,0.026845637583892613,0.013664149586479678,0.26678445229681985,0.008090614886731393,0.03125,1.0,0.0,0.07407407407407407,25.0,False,False,True,False,False,False
Lewis Miley,0.3333333333333333,0.3452624403544649,0.044117647058823525,0.07920792079207921,0.4714285714285714,0.14257425742574256,0.09486166007905139,0.24992499249924993,0.3333333333333333,0.27171903881700554,0.2698822853861613,0.3939393939393939,0.19018743109151048,0.1578512396694215,0.1739130434782609,0.0,0.0,0.13333333333333333,0.0,0.43200000000000005,0.43214285714285716,0.4547872340425532,0.14173228346456693,0.2216216216216216,0.16678346180798878,0.22250639386189255,0.774859287054409,0.27031131359149585,0.44353518821603927,0.726,0.38780260707635006,0.37772349780166103,0.828042328042328,0.3187919463087248,0.346997482919813,0.8215547703180213,0.21521035598705504,0.11249999999999999,0.136,0.0,0.14814814814814814,25.0,False,False,False,False,True,False
Josh Acheampong,0.1794871794871795,0.06237218813905931,0.10294117647058824,0.0891089108910891,0.5714285714285714,0.10693069306930694,0.10671936758893281,0.7500750075007501,0.48484848484848486,0.47011706715958107,0.4478897502153316,0.33333333333333354,0.31036383682469676,0.315702479338843,0.6086956521739131,0.0,0.0,0.0,0.0,0.36266666666666664,0.5321428571428571,0.37101063829787234,0.2125984251968504,0.292972972972973,0.319551506657323,0.42199488491048587,0.8405253283302063,0.17160212604403946,0.24386252045826512,0.611,0.5204841713221601,0.5172447484123107,0.8862433862433863,0.10372178157413055,0.11650485436893204,0.6643109540636042,0.022653721682847898,0.08750000000000001,1.0,0.0,0.14814814814814814,25.0,False,False,False,False,True,False
Josh King,0.5641025641025641,0.28084526244035446,0.05147058823529412,0.16831683168316833,0.35714285714285715,0.3544554455445545,0.3003952569169961,0.11551155115511552,0.2727272727272727,0.32655576093653726,0.4389893769738731,0.8333333333333334,0.3472987872105844,0.4301652892561984,0.3478260869565218,0.2669902912621359,0.0,0.15555555555555556,0.0,0.4613333333333333,0.075,0.44281914893617025,0.22047244094488191,0.10486486486486486,0.49614576033637,0.5281329923273657,0.6735459662288932,0.1017463933181473,0.03436988543371522,0.136,0.13994413407821227,0.12115290669272108,0.5661375661375664,0.19981696156192802,0.20388349514563106,0.6855123674911661,0.1343042071197411,0.0,0.0,0.09589041095890412,0.1111111111111111,25.0,False,False,False,False,True,False
Javi Guerra,0.6666666666666666,0.5415814587593729,0.125,0.1485148514851485,0.5428571428571429,0.26732673267326734,0.2055335968379447,0.3870387038703871,0.3333333333333333,0.2809611829944547,0.31093884582256676,0.5303030303030303,0.2833517089305403,0.29338842975206614,0.1739130434782609,0.10679611650485436,0.3939393939393939,0.12222222222222222,0.0,0.3013333333333333,0.37142857142857144,0.5199468085106383,0.2047244094488189,0.11783783783783784,0.46601261387526277,0.3005115089514066,0.3395872420262664,0.07517084282460136,0.09983633387888706,0.519,0.3132216014897579,0.2732779677576942,0.6084656084656085,0.2956070774862721,0.2671700827040632,0.6095406360424029,0.22491909385113268,0.13749999999999998,0.156,0.23972602739726026,0.25925925925925924,25.0,False,True,False,False,False,False
Jean-Mattéo Bahoya,0.4358974358974359,0.2893660531697341,0.14705882352941177,0.13861386138613863,0.6,0.38811881188118813,0.24110671936758896,0.31023102310231027,0.21212121212121213,0.36260012322858903,0.4616709732988803,0.7575757575757576,0.3952590959206174,0.4425619834710744,0.3478260869565218,0.4611650485436893,0.0,0.6388888888888888,0.5128205128205129,0.5253333333333334,0.31428571428571433,0.4414893617021276,0.11023622047244096,0.09513513513513513,0.6264891380518571,0.6982097186700768,0.7242026266416509,0.1199696279422931,0.07692307692307691,0.26899999999999996,0.19692737430167595,0.1704934049829018,0.5820105820105821,0.22513727882855397,0.22330097087378642,0.6731448763250883,0.36084142394822005,0.29374999999999996,0.212,0.04794520547945206,0.18518518518518517,25.0,True,False,False,False,False,False
Jon Gorrotxategi,0.5128205128205128,0.5913428766189502,0.029411764705882353,0.0297029702970297,0.5142857142857143,0.10495049504950496,0.0158102766798419,0.23072307230723074,0.1818181818181818,0.3089956869993839,0.2704565030146425,0.24242424242424238,0.22601984564498348,0.22066115702479341,0.13043478260869568,0.019417475728155338,0.0,0.06666666666666667,0.0,0.45333333333333337,0.5071428571428571,0.5771276595744681,0.4173228346456693,0.19783783783783784,0.3293622985283812,0.309462915601023,0.5666041275797373,0.1867881548974943,0.19967266775777412,0.462,0.4115456238361266,0.3854421104054715,0.7513227513227515,0.24893227577791335,0.25242718446601936,0.7084805653710247,0.025889967637540454,0.0,0.0,0.05479452054794521,0.2962962962962963,25.0,False,True,False,False,False,False
Jon Martín,0.38461538461538464,0.6032719836400818,0.058823529411764705,0.07920792079207921,0.5,0.1188118811881188,0.0790513833992095,0.39993999399939995,0.3939393939393939,0.4457794208256315,0.429801894918174,0.3484848484848486,0.37541345093715545,0.3975206611570248,0.1739130434782609,0.0,0.0,0.022222222222222223,0.0,0.296,0.48571428571428577,0.33776595744680854,0.6929133858267716,0.6875675675675677,0.09250175192711982,0.1445012787723785,0.7954971857410883,0.36294608959757024,0.5499181669394435,0.677,0.4213221601489758,0.4170981924767953,0.8650793650793652,0.034777303233679065,0.05321826681049981,0.6236749116607774,0.0,0.0,0.0,0.0,0.14814814814814814,25.0,False,True,False,False,False,False
Loïc Badé,0.3333333333333333,0.3994546693933197,0.0,0.06930693069306931,0.39999999999999997,0.12871287128712872,0.08695652173913045,0.0,0.3333333333333333,0.41312384473197783,0.39161642262417456,0.33333333333333354,0.3324145534729879,0.30785123966942146,0.2173913043478261,0.024271844660194174,0.0,0.02777777777777778,0.0,0.4453333333333333,0.40714285714285714,0.6981382978723405,0.7716535433070866,0.654054054054054,0.11072179397337072,0.16240409207161124,0.7823639774859288,0.3378891419893698,0.4909983633387888,0.647,0.6371508379888269,0.6303859306301905,0.8888888888888888,0.1757169005491153,0.213232650125854,0.8427561837455831,0.03559870550161812,0.03125,0.25,0.07534246575342465,0.37037037037037035,25.0,True,False,False,False,False,False
Youssouf Fofana,0.5897435897435898,0.5920245398773006,0.058823529411764705,0.1485148514851485,0.39999999999999997,0.3623762376237624,0.2885375494071146,0.13321332133213323,0.24242424242424243,0.15865680837954407,0.162503588860178,0.42424242424242437,0.185226019845645,0.21033057851239673,0.13043478260869568,0.1553398058252427,0.0,0.22777777777777775,0.0,0.408,0.275,0.3816489361702128,0.12598425196850394,0.07027027027027027,0.31814996496145764,0.24680306905370838,0.4502814258911819,0.08504176157934701,0.06710310965630113,0.313,0.21983240223463685,0.19706888128969227,0.6402116402116403,0.2474069554606467,0.23444804027328295,0.6395759717314489,0.06634304207119741,0.049999999999999996,0.2,0.363013698630137,0.4074074074074074,25.0,False,False,False,False,False,True
Tyrick Mitchell,0.717948717948718,0.9451261077027948,0.022058823529411763,0.039603960396039604,0.4714285714285714,0.10495049504950496,0.07509881422924902,0.15781578157815782,0.24242424242424243,0.18853974121996306,0.2058570198105082,0.5000000000000001,0.23814773980154355,0.24421487603305786,0.08695652173913043,0.0825242718446602,0.0,0.15555555555555556,0.07692307692307691,0.7093333333333334,0.33571428571428574,0.589095744680851,0.25984251968503935,0.29945945945945945,0.32585844428871763,0.39258312020460356,0.7598499061913696,0.12680334092634776,0.11783960720130932,0.38799999999999996,0.2014897579143389,0.15232046897899365,0.3862433862433861,0.1870042708968883,0.16468896080546566,0.5459363957597174,0.46601941747572817,0.38125,0.21100000000000002,0.0410958904109589,0.4074074074074074,25.0,False,False,False,False,True,False
Arthur Atta,0.5641025641025641,0.7099522835719154,0.13235294117647056,0.13861386138613863,0.5428571428571429,0.39603960396039606,0.2766798418972332,0.2631263126312631,0.21212121212121213,0.45070856438693774,0.5050244042492105,0.5606060606060608,0.42668136714443217,0.42851239669421487,0.13043478260869568,0.4611650485436893,0.3333333333333333,0.29444444444444445,0.1794871794871795,0.21866666666666665,0.23928571428571432,0.42021276595744683,0.031496062992125984,0.13297297297297297,0.5466012613875263,0.42199488491048587,0.4390243902439025,0.10402429764616554,0.12111292962356791,0.47700000000000004,0.2559590316573556,0.23009281875915977,0.6534391534391536,0.3425869432580842,0.3362099964041711,0.7102473498233217,0.19902912621359223,0.19999999999999998,0.257,0.09589041095890412,0.25925925925925924,25.0,False,False,False,False,False,True
Arnaud Kalimuendo,0.23076923076923078,0.3203817314246762,0.27941176470588236,0.25742574257425743,0.6714285714285715,0.37623762376237624,0.39920948616600793,0.6000600060006,0.3939393939393939,0.19870609981515713,0.22595463680734998,0.5606060606060608,0.19349503858875416,0.21652892561983472,0.2608695652173913,0.39805825242718446,0.0,0.5277777777777778,0.15384615384615383,0.152,0.08928571428571429,0.17154255319148934,0.047244094488188976,0.04756756756756757,0.36440084092501757,0.289002557544757,0.4577861163227018,0.2513287775246773,0.12438625204582651,0.218,0.09394785847299811,0.09340498290180756,0.7195767195767198,0.15314215985356924,0.17727436174038114,0.765017667844523,0.15372168284789645,0.11875,0.2,0.08904109589041097,0.2962962962962963,25.0,True,False,False,False,False,False
Lloyd Kelly,0.6410256410256411,0.858214042263122,0.022058823529411763,0.0297029702970297,0.5,0.100990099009901,0.03557312252964427,0.17641764176417643,0.1818181818181818,0.43222427603203945,0.46626471432672983,0.5000000000000001,0.4856670341786108,0.48305785123966943,0.08695652173913043,0.04368932038834951,0.0,0.0,0.0,0.34933333333333333,0.15,0.5718085106382979,0.4015748031496063,0.3762162162162162,0.16538192011212335,0.2020460358056266,0.7091932457786116,0.3120728929384966,0.44189852700491,0.629,0.4845437616387337,0.46399609184171964,0.8042328042328044,0.1851738865161684,0.17367853290183385,0.5989399293286221,0.05825242718446602,0.0,0.0,0.0821917808219178,0.4444444444444444,23.0,False,False,False,False,False,True
James Hill,0.48717948717948717,0.5535105657805044,0.0,0.039603960396039604,0.4428571428571429,0.100990099009901,0.03557312252964427,0.0,0.21212121212121213,0.18391866913123847,0.13494114269308066,0.10606060606060623,0.18302094818081588,0.17231404958677687,0.13043478260869568,0.0,0.0,0.049999999999999996,0.23076923076923075,0.4106666666666667,0.5964285714285714,0.32845744680851063,0.47244094488188976,0.7772972972972974,0.12053258584442889,0.16751918158567775,0.7636022514071296,0.55125284738041,0.7986906710310965,0.655,0.32932960893854746,0.27054225696140694,0.507936507936508,0.1415497254423429,0.05537576411362819,0.1113074204946996,0.07605177993527508,0.056249999999999994,0.182,0.06164383561643835,0.2962962962962963,23.0,False,False,False,False,True,False
Koni De Winter,0.41025641025641024,0.4492160872528971,0.03676470588235294,0.0297029702970297,0.5285714285714286,0.0693069306930693,0.019762845849802375,0.42874287428742874,0.30303030303030304,0.35243376463339493,0.34051105368934825,0.3636363636363637,0.3434399117971334,0.28512396694214875,0.1739130434782609,0.024271844660194174,0.0,0.02777777777777778,0.0,0.352,0.23214285714285718,0.39361702127659576,0.47244094488188976,0.5362162162162162,0.12193412754029434,0.139386189258312,0.6435272045028142,0.22930903568716782,0.3436988543371522,0.6559999999999999,0.5049348230912476,0.4979970688812897,0.8703703703703706,0.1296522269676632,0.15605897159295215,0.7703180212014133,0.04045307443365696,0.03125,0.2,0.0,0.2962962962962963,23.0,False,False,False,False,False,True
Oumar Solet,0.6410256410256411,0.84560327198364,0.06617647058823528,0.07920792079207921,0.5142857142857143,0.19801980198019803,0.07114624505928854,0.27272727272727276,0.24242424242424243,0.5157116451016637,0.537467700258398,0.4545454545454546,0.5242557883131201,0.45330578512396696,0.08695652173913043,0.13106796116504854,0.1818181818181818,0.19999999999999998,0.0,0.5733333333333334,0.5214285714285715,0.589095744680851,0.45669291338582674,0.4108108108108108,0.3566923615977575,0.4398976982097186,0.7842401500938087,0.19893697798025814,0.24877250409165302,0.5429999999999999,0.5035381750465548,0.4836345872007817,0.8148148148148148,0.23245881635143376,0.2337288745055735,0.6925795053003535,0.09870550161812298,0.0375,0.1,0.06164383561643835,0.37037037037037035,23.0,False,False,False,False,False,True
Nicolò Rovella,0.02564102564102564,0.011247443762781187,0.0,0.009900990099009901,0.4857142857142857,0.03564356435643564,0.0,0.0,0.0909090909090909,0.43407270486752925,0.38185472293999423,0.24242424242424238,0.3175303197353914,0.21115702479338844,0.5217391304347826,0.0,0.0,0.19444444444444442,0.0,0.4799999999999999,0.5642857142857144,0.7420212765957447,0.14173228346456693,0.17081081081081081,0.44078486334968464,0.5345268542199488,0.7861163227016887,0.03948367501898254,0.0867430441898527,0.75,0.7200186219739292,0.7152906692721055,0.9047619047619049,0.450274557657108,0.4670981661272923,0.803886925795053,0.02912621359223301,0.0,0.0,0.363013698630137,0.3333333333333333,23.0,False,False,False,False,False,True
Davide Bartesaghi,0.5384615384615384,0.6687116564417178,0.05147058823529412,0.039603960396039604,0.5428571428571429,0.1603960396039604,0.10276679841897235,0.27272727272727276,0.15151515151515152,0.1786814540973506,0.20987654320987653,0.5909090909090909,0.19735391400220506,0.23801652892561984,0.13043478260869568,0.08737864077669902,0.0,0.12222222222222222,0.0,0.44800000000000006,0.15714285714285717,0.25000000000000006,0.29133858267716534,0.2670270270270271,0.2606867554309741,0.23657289002557538,0.5422138836772984,0.1404707668944571,0.15057283142389524,0.455,0.2810986964618249,0.26204201270151445,0.7222222222222222,0.2638804148871263,0.2873067241999281,0.795053003533569,0.5420711974110033,0.46249999999999997,0.22,0.04794520547945206,0.18518518518518517,23.0,False,False,False,False,False,True
Bernardo Silva,0.717948717948718,0.820040899795501,0.044117647058823525,0.07920792079207921,0.4714285714285714,0.18613861386138614,0.08695652173913045,0.20012001200120014,0.2727272727272727,0.533271719038817,0.5397645707723226,0.42424242424242437,0.5314222712238148,0.44297520661157025,0.08695652173913043,0.10679611650485436,0.0909090909090909,0.1388888888888889,0.0,0.4133333333333333,0.2464285714285714,0.5066489361702128,0.14960629921259844,0.1145945945945946,0.3454800280308339,0.26982097186700765,0.4521575984990619,0.045558086560364475,0.01963993453355155,0.16,0.5565176908752327,0.5397166585246703,0.8386243386243387,0.6009762050030506,0.6375404530744335,0.8586572438162544,0.17152103559870552,0.11875,0.17600000000000002,0.23287671232876714,0.5925925925925926,22.0,False,False,False,False,True,False
Igor Matanovic,0.5384615384615384,0.36843899113837764,0.463235294117647,0.5247524752475248,0.6428571428571428,0.594059405940594,0.45454545454545453,0.6345634563456346,0.5454545454545454,0.025261860751694388,0.013494114269308065,0.24242424242424238,0.025909592061742006,0.0665289256198347,0.1739130434782609,0.11165048543689321,0.0,0.0,0.0,0.32000000000000006,0.18571428571428572,0.29255319148936176,0.09448818897637795,0.21837837837837837,0.48493342676944645,0.3043478260869565,0.3227016885553471,0.6864085041761581,0.7839607201309329,0.519,0.08696461824953443,0.04572545188080118,0.10846560846560852,0.13270286760219643,0.08018698309960447,0.2879858657243816,0.0,0.0,0.0,0.0821917808219178,0.25925925925925924,22.0,True,False,False,False,False,False
Álex Jiménez,0.5384615384615384,0.6281526925698705,0.029411764705882353,0.039603960396039604,0.4857142857142857,0.1603960396039604,0.05928853754940712,0.14281428142814281,0.15151515151515152,0.32378311768330253,0.4487510766580534,0.893939393939394,0.42282249173098124,0.5190082644628099,0.1739130434782609,0.07281553398058252,0.0,0.10555555555555556,0.0,0.6773333333333333,0.37500000000000006,0.5970744680851064,0.30708661417322836,0.1718918918918919,0.5199719691660828,0.5179028132992327,0.6210131332082551,0.08959757023538346,0.0818330605564648,0.371,0.22942271880819365,0.1971665852467025,0.5740740740740742,0.24893227577791335,0.2333692916217188,0.6307420494699648,0.32038834951456313,0.26875,0.21600000000000003,0.15753424657534248,0.18518518518518517,22.0,False,False,False,False,True,False
Ryan Sessegnon,0.4358974358974359,0.45739604635310155,0.1102941176470588,0.07920792079207921,0.6,0.15643564356435644,0.0790513833992095,0.5625562556255626,0.30303030303030304,0.1805298829328404,0.22222222222222218,0.6515151515151516,0.23153252480705624,0.26859504132231404,0.2173913043478261,0.07281553398058252,0.15151515151515152,0.11111111111111112,0.0,0.5973333333333334,0.43928571428571433,0.38829787234042556,0.31496062992125984,0.34162162162162163,0.33356692361597756,0.2621483375959079,0.4559099437148218,0.1548974943052392,0.15384615384615383,0.42200000000000004,0.228584729981378,0.18417195896433808,0.4735449735449737,0.18059792556436852,0.1779935275080906,0.6395759717314489,0.4482200647249191,0.18749999999999997,0.107,0.13698630136986303,0.37037037037037035,22.0,False,False,False,False,True,False
Ladislav Krejcí,0.46153846153846156,0.6411042944785276,0.058823529411764705,0.07920792079207921,0.4857142857142857,0.15841584158415842,0.15019762845849804,0.28562856285628563,0.3333333333333333,0.22920517560073936,0.21102497846683893,0.30303030303030304,0.2320837927232635,0.21487603305785125,0.13043478260869568,0.0,0.0,0.022222222222222223,0.0,0.29066666666666663,0.4357142857142857,0.30186170212765956,0.44881889763779526,0.4821621621621622,0.11352487736510163,0.07800511508951406,0.4277673545966229,0.31359149582384205,0.39934533551554824,0.5660000000000001,0.38370577281191803,0.33854421104054716,0.634920634920635,0.19432580841976813,0.13376483279395898,0.3674911660777385,0.1051779935275081,0.09374999999999999,0.235,0.027397260273972605,0.4074074074074074,22.0,False,False,False,False,True,False
Jean-Clair Todibo,0.3333333333333333,0.4556918882072256,0.0,0.009900990099009901,0.4857142857142857,0.019801980198019802,0.0,0.0,0.3636363636363636,0.18607516943930993,0.1705426356589147,0.3181818181818181,0.18357221609702315,0.1847107438016529,0.1739130434782609,0.0,0.0,0.02777777777777778,0.0,0.4666666666666667,0.3,0.488031914893617,0.5039370078740157,0.5243243243243243,0.0882971268395235,0.16240409207161124,0.8986866791744842,0.17463933181473043,0.20294599018003273,0.5,0.2769087523277467,0.26419149975574013,0.7619047619047619,0.03203172666259914,0.04135203164329377,0.5265017667844523,0.024271844660194174,0.0,0.0,0.0,0.4074074074074074,22.0,False,False,False,False,True,False
Johan Bakayoko,0.2564102564102564,0.09986366734832992,0.1691176470588235,0.2376237623762376,0.4857142857142857,0.5524752475247525,0.41501976284584985,0.24992499249924993,0.2727272727272727,0.3471965495995071,0.37927074361182894,0.5151515151515152,0.28721058434399116,0.2946280991735537,0.5217391304347826,0.6213592233009708,0.696969696969697,0.26111111111111107,0.0,0.11999999999999998,0.08214285714285716,0.3816489361702128,0.0,0.03783783783783783,0.44989488437281017,0.34526854219948844,0.4371482176360226,0.08352315869400152,0.03764320785597381,0.182,0.22746741154562383,0.20322423058133857,0.6375661375661374,0.2614399023794997,0.2617763394462423,0.7014134275618376,0.28317152103559873,0.21874999999999997,0.2,0.15753424657534248,0.25925925925925924,22.0,True,False,False,False,False,False
Trai Hume,0.717948717948718,0.8715064758009543,0.044117647058823525,0.0594059405940594,0.5,0.2,0.08300395256916997,0.17641764176417643,0.1818181818181818,0.05576093653727665,0.061728395061728406,0.46969696969696967,0.05181918412348402,0.09421487603305785,0.08695652173913043,0.029126213592233007,0.0,0.11666666666666665,0.0,0.49599999999999994,0.2642857142857143,0.3031914893617022,0.25984251968503935,0.3167567567567568,0.2676944639103014,0.3005115089514066,0.6866791744840525,0.2854973424449506,0.31587561374795414,0.489,0.20549348230912476,0.16238397655105033,0.44708994708994726,0.2037827943868212,0.16756562387630347,0.49646643109540645,0.24919093851132687,0.13124999999999998,0.135,0.06164383561643835,0.2962962962962963,22.0,False,False,False,False,True,False
Arthur Vermeeren,0.2564102564102564,0.1169052488070893,0.0,0.019801980198019802,0.4714285714285714,0.06534653465346535,0.04347826086956522,0.0,0.1818181818181818,0.21965495995070858,0.1737008326155613,0.16666666666666663,0.1141124586549063,0.08719008264462809,0.2608695652173913,0.0,0.0,0.06111111111111111,0.0,0.7813333333333333,0.4678571428571429,0.7446808510638298,0.08661417322834646,0.10594594594594595,0.4141555711282411,0.3593350383631713,0.5140712945590995,0.05239179954441913,0.07201309328968904,0.5,0.49869646182495336,0.4742550073277968,0.7936507936507937,0.40543014032946917,0.438331535418914,0.8427561837455831,0.05339805825242719,0.0,0.0,0.1506849315068493,0.18518518518518517,22.0,False,False,True,False,False,False
Joshua Zirkzee,0.358974358974359,0.043626448534423996,0.2205882352941176,0.43564356435643564,0.3,0.7326732673267328,0.5256916996047432,0.24002400240024005,0.3636363636363636,0.09211337030191004,0.08555842664369796,0.3484848484848486,0.06780595369349504,0.10454545454545455,0.6086956521739131,0.14563106796116504,0.45454545454545453,0.08333333333333333,0.0,0.32000000000000006,0.053571428571428575,0.27526595744680854,0.23622047244094488,0.1762162162162162,0.37070777855641207,0.2621483375959079,0.3939962476547842,0.5709946848899013,0.48445171849427165,0.385,0.25400372439478586,0.19687347337567174,0.41798941798941797,0.2586943258084198,0.1866235167206041,0.4063604240282686,0.1197411003236246,0.18749999999999997,0.4,0.2054794520547945,0.3333333333333333,22.0,False,False,False,False,True,False
Fábio Silva,0.46153846153846156,0.11077027948193592,0.16176470588235292,0.297029702970297,0.39999999999999997,0.5089108910891089,0.35177865612648224,0.261026102610261,0.3333333333333333,0.18515095502156498,0.21705426356589144,0.5909090909090909,0.21719955898566706,0.24669421487603307,0.5217391304347826,0.10679611650485436,0.0,0.43333333333333335,0.5641025641025641,0.17333333333333334,0.07857142857142858,0.28856382978723405,0.08661417322834646,0.011891891891891892,0.5052557813594954,0.2979539641943734,0.2926829268292683,0.39407744874715267,0.2569558101472995,0.292,0.19525139664804467,0.1455788959452858,0.3677248677248679,0.39322757779133616,0.3408845738942826,0.590106007067138,0.23462783171521037,0.2125,0.231,0.07534246575342465,0.2962962962962963,22.0,True,False,False,False,False,False
Kristoffer Ajer,0.4358974358974359,0.45228357191547375,0.0,0.039603960396039604,0.4428571428571429,0.09900990099009901,0.05928853754940712,0.0,0.24242424242424243,0.155268022181146,0.1917886879127189,0.6515151515151516,0.1708930540242558,0.23884297520661157,0.2173913043478261,0.024271844660194174,0.0,0.0,0.0,0.456,0.32142857142857145,0.29255319148936176,0.6299212598425197,0.6410810810810811,0.1730903994393833,0.170076726342711,0.577861163227017,0.3834472285497343,0.48936170212765956,0.5710000000000001,0.2436685288640595,0.2085979482169028,0.5687830687830688,0.08297742525930445,0.033081625314635016,0.1590106007067138,0.05663430420711974,0.03125,0.14300000000000002,0.0,0.4444444444444444,22.0,False,False,False,False,True,False
Lesley Ugochukwu,0.6410256410256411,0.6373551465576005,0.08088235294117646,0.09900990099009901,0.5285714285714286,0.17425742574257427,0.12252964426877472,0.39123912391239124,0.3333333333333333,0.17652495378927913,0.17599770312948607,0.3939393939393939,0.16372657111356123,0.16818181818181818,0.13043478260869568,0.11165048543689321,0.12121212121212122,0.08333333333333333,0.10256410256410256,0.4853333333333333,0.2464285714285714,0.4109042553191489,0.6299212598425197,0.09945945945945947,0.37000700770847933,0.35421994884910485,0.5816135084427767,0.15186028853454822,0.1636661211129296,0.456,0.19729981378026068,0.17948216902784564,0.6587301587301589,0.15466748017083587,0.1553398058252427,0.6360424028268552,0.043689320388349516,0.024999999999999998,0.14300000000000002,0.027397260273972605,0.2222222222222222,22.0,False,False,False,False,True,False
Pascal Struijk,0.6153846153846154,0.8374233128834356,0.0,0.0891089108910891,0.37142857142857144,0.18811881188118812,0.05928853754940712,0.0,0.30303030303030304,0.2138016019716574,0.1742750502440425,0.1969696969696971,0.2166482910694598,0.19049586776859503,0.08695652173913043,0.0,0.0,0.0,0.0,0.28533333333333327,0.3392857142857143,0.3829787234042553,0.4094488188976378,0.6854054054054054,0.11142256482130343,0.1342710997442455,0.6641651031894936,0.4449506454062263,0.5515548281505728,0.5579999999999999,0.4409683426443203,0.42081094284318515,0.7936507936507937,0.12477120195241,0.11938151743976987,0.5671378091872791,0.00970873786407767,0.0,0.0,0.02054794520547945,0.4074074074074074,22.0,False,False,False,False,True,False
Chrislain Matsima,0.20512820512820512,0.3442399454669393,0.044117647058823525,0.0297029702970297,0.5571428571428572,0.08316831683168317,0.023715415019762848,0.42874287428742874,0.1818181818181818,0.12754158964879853,0.10565604364053975,0.24242424242424238,0.07442116868798235,0.07892561983471073,0.13043478260869568,0.0,0.0,0.0,0.0,0.272,0.6464285714285715,0.4960106382978723,0.905511811023622,0.601081081081081,0.036440084092501754,0.061381074168797935,0.6810506566604128,0.22930903568716782,0.38625204582651385,0.736,0.34264432029795155,0.31431362970200294,0.7037037037037036,0.0762660158633313,0.06796116504854369,0.4646643109540636,0.03883495145631068,0.0375,0.25,0.0,0.2962962962962963,22.0,True,False,False,False,False,False
Davide Frattesi,0.3076923076923077,0.024880708929788685,0.0,0.3465346534653465,0.0,0.5148514851485149,0.25691699604743085,0.0,0.3939393939393939,0.0751694393099199,0.10450760838357735,0.6969696969696969,0.10970231532524807,0.14338842975206612,0.6956521739130435,0.07766990291262135,0.0,0.0,0.0,0.616,0.17500000000000002,0.24734042553191493,0.12598425196850394,0.07027027027027027,0.5010511562718991,0.5294117647058822,0.6679174484052532,0.13439635535307518,0.10638297872340426,0.33299999999999996,0.09962756052141528,0.08314606741573036,0.507936507936508,0.1018913971934106,0.10068320747932397,0.5636042402826856,0.05339805825242719,0.0,0.0,0.0,0.4074074074074074,22.0,False,False,False,False,False,True
Noa Lang,0.20512820512820512,0.06203135650988412,0.10294117647058824,0.10891089108910891,0.5428571428571429,0.24158415841584158,0.21343873517786563,0.3333333333333333,0.2727272727272727,0.45409735058533585,0.5067470571346541,0.5606060606060608,0.3858875413450937,0.2946280991735537,0.47826086956521735,0.13106796116504854,0.0,0.0,0.0,0.4,0.09642857142857145,0.48005319148936165,0.0,0.015135135135135137,0.40574632095304836,0.42199488491048587,0.6491557223264539,0.12072892938496584,0.13420621931260227,0.462,0.2567970204841713,0.21524181729360042,0.537037037037037,0.44417327638804144,0.42466738583243435,0.7049469964664312,0.5501618122977346,0.425,0.2,0.0,0.4074074074074074,22.0,False,False,False,False,False,True
Randal Kolo Muani,0.5128205128205128,0.4055896387184731,0.03676470588235294,0.1188118811881188,0.41428571428571426,0.21386138613861388,0.08695652173913045,0.15001500150015,0.3333333333333333,0.15711645101663585,0.205282802182027,0.7272727272727274,0.1945975744211687,0.25867768595041324,0.2608695652173913,0.13106796116504854,0.15151515151515152,0.2111111111111111,0.0,0.38133333333333336,0.05714285714285715,0.36037234042553196,0.03937007874015748,0.10486486486486486,0.621583742116328,0.3938618925831202,0.3189493433395872,0.31814730447987855,0.2815057283142389,0.395,0.08091247672253259,0.05530043966780654,0.314814814814815,0.1662599145820622,0.14994606256742177,0.5547703180212016,0.156957928802589,0.2375,0.389,0.03424657534246576,0.4444444444444444,22.0,False,False,False,False,True,False
Pau Torres,0.28205128205128205,0.4076346284935242,0.0,0.06930693069306931,0.39999999999999997,0.09504950495049505,0.019762845849802375,0.0,0.42424242424242425,0.5052372150338879,0.5618719494688488,0.5606060606060608,0.5992282249173099,0.6004132231404958,0.2173913043478261,0.0,0.0,0.02777777777777778,0.0,0.27999999999999997,0.21071428571428572,0.4734042553191489,0.6771653543307087,0.3545945945945946,0.08058864751226348,0.11764705882352941,0.7279549718574109,0.18223234624145784,0.2193126022913257,0.521,0.5002793296089385,0.4793356130923303,0.806878306878307,0.22086638194020744,0.21107515282272563,0.6342756183745585,0.03398058252427184,0.0,0.0,0.03424657534246576,0.48148148148148145,22.0,False,False,False,False,True,False
Samuele Ricci,0.5384615384615384,0.27845944103612813,0.05147058823529412,0.10891089108910891,0.4428571428571429,0.24752475247524752,0.16600790513833993,0.16681668166816682,0.24242424242424243,0.251694393099199,0.23169681309216192,0.30303030303030304,0.21168687982359424,0.20743801652892563,0.2608695652173913,0.1359223300970874,0.0,0.07777777777777778,0.0,0.26133333333333336,0.22142857142857145,0.4361702127659574,0.2755905511811023,0.21729729729729727,0.2662929222144359,0.35421994884910485,0.8273921200750468,0.0387243735763098,0.03436988543371522,0.3,0.3343575418994413,0.3288715192965316,0.8359788359788359,0.30750457596095176,0.34268248831355624,0.8445229681978799,0.16828478964401297,0.30624999999999997,0.467,0.04794520547945206,0.3333333333333333,22.0,False,False,False,False,False,True
Daniel Svensson,0.5897435897435898,0.6721199727334697,0.05147058823529412,0.06930693069306931,0.5142857142857143,0.08712871287128714,0.05928853754940712,0.5001500150015002,0.45454545454545453,0.12014787430683918,0.12460522538041915,0.43939393939393945,0.11356119073869902,0.128099173553719,0.08695652173913043,0.03398058252427185,0.0,0.09999999999999999,0.0,0.33599999999999997,0.26071428571428573,0.3311170212765958,0.22834645669291337,0.3091891891891892,0.2179397337070778,0.21739130434782605,0.5928705440900562,0.13971146545178437,0.132569558101473,0.4,0.20335195530726252,0.18505129457743041,0.6613756613756614,0.21201952410006097,0.22545846817691476,0.736749116607774,0.38025889967637544,0.25,0.172,0.0,0.2962962962962963,22.0,True,False,False,False,False,False
Maxim De Cuyper,0.5128205128205128,0.3183367416496251,0.09558823529411764,0.1188118811881188,0.5142857142857143,0.16435643564356436,0.15019762845849804,0.4614461446144615,0.42424242424242425,0.18022181146025876,0.15991960953201265,0.28787878787878796,0.1945975744211687,0.19958677685950416,0.2173913043478261,0.0,0.0,0.2111111111111111,0.15384615384615383,0.3546666666666667,0.27142857142857146,0.4773936170212766,0.10236220472440945,0.19243243243243244,0.2950245269796776,0.29923273657289,0.6153846153846154,0.13591495823842065,0.10474631751227495,0.32299999999999995,0.3264432029795158,0.29623839765510507,0.6825396825396826,0.25350823672971323,0.23984178353110389,0.6413427561837456,0.40129449838187703,0.6375,0.41,0.0410958904109589,0.37037037037037035,22.0,False,False,False,False,True,False
Isak Hien,0.46153846153846156,0.5061349693251533,0.03676470588235294,0.039603960396039604,0.5142857142857143,0.08118811881188119,0.05533596837944665,0.3333333333333333,0.2727272727272727,0.23413431916204558,0.1645133505598622,0.04545454545454557,0.1256890848952591,0.1268595041322314,0.13043478260869568,0.0,0.0,0.02777777777777778,0.0,0.5626666666666668,0.47500000000000003,0.6635638297872342,0.5748031496062992,0.5048648648648648,0.31814996496145764,0.3171355498721227,0.6060037523452158,0.32346241457858776,0.36006546644844517,0.495,0.39990689013035374,0.40087933561309236,0.8888888888888888,0.026540573520439294,0.0528586839266451,0.6943462897526502,0.0,0.0,0.0,0.0,0.4074074074074074,22.0,False,False,False,False,False,True
Giacomo Raspadori,0.07692307692307693,0.1059986366734833,0.25,0.3564356435643564,0.4714285714285714,0.6316831683168317,0.4940711462450593,0.3213321332133214,0.3333333333333333,0.23937153419593343,0.2334194659776055,0.3787878787878788,0.1157662624035281,0.07603305785123966,0.2173913043478261,0.49514563106796117,0.0,0.37777777777777777,0.28205128205128205,0.20800000000000002,0.03928571428571429,0.32579787234042556,0.0,0.06162162162162162,0.2613875262789068,0.159846547314578,0.34146341463414637,0.12452543659832954,0.1309328968903437,0.43799999999999994,0.23305400372439478,0.20156326331216418,0.5846560846560845,0.3535692495424039,0.3401654081265732,0.6908127208480566,0.34951456310679613,0.5,0.368,0.0,0.37037037037037035,22.0,False,False,False,False,False,True
Matty Cash,0.6410256410256411,0.8657123381049762,0.06617647058823528,0.039603960396039604,0.5714285714285714,0.17623762376237626,0.11857707509881424,0.3000300030003,0.12121212121212122,0.22735674676524956,0.20987654320987653,0.3181818181818181,0.15104740904079383,0.10454545454545455,0.04347826086956522,0.11650485436893203,0.0909090909090909,0.08333333333333333,0.0,0.49066666666666664,0.23571428571428574,0.25000000000000006,0.3307086614173228,0.2702702702702703,0.2950245269796776,0.2838874680306905,0.5797373358348968,0.1199696279422931,0.15548281505728312,0.542,0.30279329608938543,0.28041035661944314,0.7142857142857143,0.274862721171446,0.28443006112909025,0.745583038869258,0.39967637540453077,0.26249999999999996,0.16899999999999998,0.0410958904109589,0.48148148148148145,22.0,False,False,False,False,True,False
Ermedin Demirovic,0.38461538461538464,0.34696659850034084,0.5294117647058822,0.44554455445544555,0.8857142857142858,0.4871287128712871,0.5217391304347827,0.8781878187818782,0.5454545454545454,0.0412815773259396,0.020958943439563595,0.15151515151515152,0.027012127894156558,0.06611570247933884,0.1739130434782609,0.14563106796116504,0.1818181818181818,0.2333333333333333,0.15384615384615383,0.18933333333333333,0.02142857142857143,0.2127659574468085,0.047244094488188976,0.07783783783783783,0.3510861948142957,0.23657289002557538,0.3733583489681051,0.38800303720577073,0.3044189852700491,0.35200000000000004,0.056145251396648034,0.04103566194430875,0.388888888888889,0.13026235509456985,0.1362819129809421,0.6448763250883393,0.00970873786407767,0.0,0.0,0.1643835616438356,0.4444444444444444,22.0,True,False,False,False,False,False
Miguel Gutiérrez,0.46153846153846156,0.34185412406271304,0.044117647058823525,0.04950495049504951,0.5142857142857143,0.18019801980198022,0.11857707509881424,0.20012001200120014,0.15151515151515152,0.2929759704251386,0.31696813092161924,0.5000000000000001,0.22546857772877618,0.2152892561983471,0.2173913043478261,0.08737864077669902,0.1818181818181818,0.2333333333333333,0.0,0.4986666666666667,0.19642857142857145,0.7007978723404256,0.047244094488188976,0.1372972972972973,0.3854239663629993,0.4117647058823529,0.6660412757973734,0.06454062262718299,0.09983633387888706,0.588,0.36499068901303533,0.34811919882755255,0.7804232804232805,0.29743746186699205,0.3193096008629989,0.795053003533569,0.43203883495145634,0.26249999999999996,0.159,0.0410958904109589,0.3333333333333333,22.0,False,False,False,False,False,True
Deniz Undav,0.48717948717948717,0.6022494887525562,0.5588235294117647,0.6435643564356436,0.6571428571428571,0.9683168316831683,0.7272727272727274,0.4671467146714672,0.3939393939393939,0.12076401725200245,0.08584553545793856,0.13636363636363644,0.09316427783902978,0.10743801652892562,0.13043478260869568,0.5631067961165048,0.3636363636363636,0.22222222222222224,0.20512820512820512,0.15733333333333333,0.05714285714285715,0.1888297872340426,0.06299212598425197,0.030270270270270273,0.23335669236159776,0.1342710997442455,0.32457786116322707,0.27866362946089596,0.23567921440261863,0.375,0.1493482309124767,0.11128480703468492,0.3730158730158729,0.2843197071384991,0.2520676015821647,0.588339222614841,0.07766990291262137,0.024999999999999998,0.083,0.3013698630136986,0.5185185185185185,22.0,True,False,False,False,False,False
Dominic Calvert-Lewin,0.6410256410256411,0.765507839127471,0.338235294117647,0.5148514851485149,0.41428571428571426,0.48316831683168315,0.4426877470355732,0.5676567656765678,0.6363636363636364,0.019716574245224883,0.025839793281653756,0.5000000000000001,0.015986769570011026,0.06818181818181818,0.08695652173913043,0.16019417475728157,0.0909090909090909,0.05555555555555556,0.0,0.05333333333333334,0.04642857142857143,0.10372340425531916,0.15748031496062992,0.12864864864864864,0.2074281709880869,0.12020460358056266,0.3339587242026267,0.7813211845102507,0.6923076923076923,0.40399999999999997,0.057728119180633135,0.020420127015144122,0.0,0.1342281879194631,0.08522114347357065,0.3144876325088339,0.05339805825242719,0.01875,0.1,0.02054794520547945,0.48148148148148145,22.0,False,False,False,False,True,False
Teun Koopmeiners,0.5897435897435898,0.456373551465576,0.0,0.06930693069306931,0.39999999999999997,0.2752475247524752,0.1383399209486166,0.0,0.15151515151515152,0.30160197165742453,0.3298880275624461,0.5151515151515152,0.3792723263506064,0.38925619834710745,0.2173913043478261,0.14563106796116504,0.0,0.05555555555555556,0.0,0.4,0.3178571428571429,0.41489361702127664,0.2755905511811023,0.20864864864864865,0.22004204625087595,0.1867007672634271,0.50281425891182,0.19286256643887623,0.2585924713584288,0.5820000000000001,0.45111731843575414,0.4426966292134832,0.851851851851852,0.3517388651616839,0.3883495145631068,0.8515901060070673,0.17637540453074435,0.15625,0.22699999999999998,0.03424657534246576,0.4444444444444444,20.0,False,False,False,False,False,True
Sergi Altimira,0.358974358974359,0.2392638036809816,0.058823529411764705,0.0297029702970297,0.5714285714285714,0.10495049504950496,0.09090909090909093,0.42874287428742874,0.15151515151515152,0.3810844115834874,0.35946023542922767,0.33333333333333354,0.2822491730981257,0.24958677685950414,0.2608695652173913,0.038834951456310676,0.0,0.044444444444444446,0.0,1.0,0.5714285714285715,0.702127659574468,0.23622047244094488,0.16432432432432434,0.4975473020322355,0.6240409207161125,0.8273921200750468,0.13059984813971146,0.21112929623567922,0.68,0.4608007448789571,0.4544211040547142,0.8650793650793652,0.23672971323978034,0.2704063286587558,0.8339222614840991,0.0372168284789644,0.09374999999999999,0.667,0.15753424657534248,0.3333333333333333,20.0,False,True,False,False,False,False
Arthur Theate,0.358974358974359,0.5668029993183368,0.029411764705882353,0.04950495049504951,0.5,0.12475247524752475,0.11462450592885376,0.20012001200120014,0.21212121212121213,0.3444239063462723,0.329313809933965,0.3484848484848486,0.3588754134509372,0.3570247933884298,0.1739130434782609,0.06310679611650485,0.0,0.07222222222222223,0.0,0.3573333333333333,0.45,0.33776595744680854,0.5275590551181103,0.6129729729729729,0.09530483531885073,0.15728900255754474,0.8405253283302063,0.24449506454062261,0.2193126022913257,0.395,0.5525139664804468,0.533952125061065,0.8306878306878309,0.2586943258084198,0.23912261776339447,0.6201413427561837,0.08899676375404532,0.024999999999999998,0.077,0.05479452054794521,0.37037037037037035,20.0,True,False,False,False,False,False
Williot Swedberg,0.48717948717948717,0.2685753237900477,0.25735294117647056,0.297029702970297,0.5714285714285714,0.3227722772277228,0.3359683794466403,0.6522652265226523,0.5454545454545454,0.16543438077634015,0.1711168532873959,0.43939393939393945,0.14002205071664828,0.13099173553719007,0.2173913043478261,0.24271844660194175,0.6363636363636364,0.19444444444444442,0.358974358974359,0.49599999999999994,0.10000000000000002,0.1941489361702128,0.11023622047244096,0.05405405405405406,0.623686054660126,0.5370843989769821,0.5121951219512195,0.07289293849658314,0.02291325695581015,0.125,0.11061452513966481,0.09174401563263314,0.5026455026455027,0.14612568639414275,0.15569938870909744,0.6802120141342757,0.09223300970873786,0.08750000000000001,0.25,0.19178082191780824,0.2222222222222222,20.0,False,True,False,False,False,False
Andy Diouf,0.23076923076923078,0.0,0.13970588235294118,0.10891089108910891,0.6142857142857143,0.3722772277227723,0.2213438735177866,0.3000300030003,0.1818181818181818,0.5104744300677757,0.6184323858742463,0.6969696969696969,0.5826901874310915,0.6235537190082644,1.0,0.3640776699029126,0.5757575757575757,0.5222222222222221,0.0,0.5653333333333334,0.06785714285714287,0.47473404255319146,0.0,0.10162162162162161,0.6902592852137353,0.5306905370843988,0.4333958724202627,0.12908124525436598,0.18494271685761043,0.6,0.3248603351955307,0.30004885197850517,0.7142857142857143,0.4948139109212934,0.48399856166846456,0.7402826855123676,0.18284789644012944,0.11875,0.16699999999999998,0.0,0.25925925925925924,20.0,False,False,False,False,False,True
Andrea Cambiaso,0.6666666666666666,0.7886843899113838,0.07352941176470588,0.0891089108910891,0.5,0.16633663366336635,0.16600790513833993,0.34623462346234624,0.3333333333333333,0.3832409118915588,0.4025265575653173,0.46969696969696967,0.3169790518191841,0.2702479338842975,0.08695652173913043,0.1262135922330097,0.0,0.19444444444444442,0.0,0.48800000000000004,0.2285714285714286,0.6210106382978724,0.18110236220472442,0.06918918918918919,0.26208829712683956,0.25831202046035806,0.5928705440900562,0.047835990888382696,0.047463175122749585,0.36,0.37970204841713223,0.36170004885197854,0.7804232804232805,0.38651616839536296,0.4117224020136641,0.8180212014134276,0.5420711974110033,0.50625,0.24,0.08904109589041097,0.37037037037037035,20.0,False,False,False,False,False,True
Alexis Saelemaekers,0.6410256410256411,0.7897068847989094,0.07352941176470588,0.10891089108910891,0.4857142857142857,0.27326732673267323,0.1383399209486166,0.20942094209420944,0.24242424242424243,0.430067775723968,0.4134366925064599,0.3484848484848486,0.334619625137817,0.22644628099173555,0.04347826086956522,0.20388349514563106,0.0909090909090909,0.33888888888888885,0.25641025641025644,0.5920000000000001,0.32142857142857145,0.5864361702127661,0.10236220472440945,0.07675675675675675,0.5732305536089699,0.6483375959079284,0.7354596622889307,0.040242976461655276,0.052373158756137475,0.455,0.31359404096834265,0.28324377137274065,0.6719576719576722,0.37522879804759,0.35922330097087374,0.6908127208480566,0.4271844660194175,0.425,0.256,0.19863013698630136,0.4074074074074074,20.0,False,False,False,False,False,True
Billy Gilmour,0.1794871794871795,0.11008861622358555,0.08088235294117646,0.07920792079207921,0.5428571428571429,0.2217821782178218,0.13438735177865616,0.3000300030003,0.21212121212121213,0.4346888478126925,0.37697387309790414,0.2272727272727273,0.27342888643880925,0.21239669421487606,0.3478260869565218,0.0,0.0,0.12222222222222222,0.0,0.384,0.43928571428571433,0.7367021276595745,0.08661417322834646,0.1210810810810811,0.23195515066573227,0.31329923273657284,0.825515947467167,0.11389521640091116,0.0916530278232406,0.33299999999999996,0.7428305400372439,0.7144113336590131,0.8333333333333334,0.6610738255033556,0.6724199928083424,0.8109540636042405,0.10841423948220066,0.0,0.0,0.3082191780821918,0.3333333333333333,20.0,False,False,False,False,False,True
Kévin Danois,0.5897435897435898,0.8026584867075665,0.07352941176470588,0.0594059405940594,0.5428571428571429,0.15643564356435644,0.09881422924901187,0.36003600360036003,0.24242424242424243,0.3333333333333333,0.35486649440137813,0.48484848484848503,0.2657111356119074,0.2557851239669422,0.08695652173913043,0.06310679611650485,0.0909090909090909,0.19444444444444442,0.0,0.6266666666666667,0.43214285714285716,0.6861702127659575,0.047244094488188976,0.05189189189189189,0.4877365101611773,0.4437340153452685,0.5497185741088181,0.0903568716780562,0.0785597381342062,0.349,0.3641527001862197,0.33473375671714706,0.708994708994709,0.36394142769981697,0.35886371808701906,0.7226148409893994,0.1343042071197411,0.0625,0.115,0.17123287671232876,0.2222222222222222,20.0,False,False,True,False,False,False
Jayden Addai,0.05128205128205128,0.070892978868439,0.2867647058823529,0.19801980198019803,0.7714285714285716,0.33663366336633666,0.30830039525691705,0.6924692469246925,0.3636363636363636,0.3086876155268022,0.3680734998564456,0.6363636363636366,0.36824696802646084,0.3814049586776859,0.6086956521739131,0.44660194174757284,0.3939393939393939,0.21666666666666667,0.0,0.17333333333333334,0.1392857142857143,0.31914893617021284,0.10236220472440945,0.05621621621621622,0.623686054660126,0.4526854219948849,0.3977485928705441,0.015945330296127564,0.0425531914893617,0.667,0.11973929236499069,0.09213483146067417,0.41798941798941797,0.24344112263575352,0.20855807263574253,0.5441696113074205,0.21197411003236247,0.08125,0.1,0.08904109589041097,0.18518518518518517,20.0,False,False,False,False,False,True
Joachim Andersen,0.5897435897435898,0.8169734151329243,0.0,0.04950495049504951,0.4285714285714286,0.09900990099009901,0.051383399209486175,0.0,0.2727272727272727,0.44547134935304994,0.43095033017513645,0.3636363636363637,0.49889746416758546,0.4214876033057851,0.08695652173913043,0.014563106796116504,0.0,0.016666666666666666,0.07692307692307691,0.34133333333333327,0.4035714285714286,0.3763297872340426,0.4645669291338582,0.774054054054054,0.11002102312543798,0.13171355498721224,0.6585365853658536,0.24753227031131358,0.4042553191489362,0.718,0.5789571694599627,0.5320957498778701,0.7301587301587301,0.2568639414276998,0.18626393383674936,0.411660777385159,0.07605177993527508,0.08125,0.267,0.0,0.5185185185185185,20.0,False,False,False,False,True,False
Kevin Danso,0.358974358974359,0.3445807770961145,0.0,0.039603960396039604,0.4428571428571429,0.1306930693069307,0.047430830039525695,0.0,0.15151515151515152,0.35982747997535425,0.33821418317542346,0.3181818181818181,0.37375964718853366,0.3421487603305785,0.2173913043478261,0.0,0.0,0.0,0.0,0.4,0.5392857142857144,0.26329787234042556,0.47244094488188976,0.8810810810810811,0.18430273300630692,0.19948849104859334,0.6397748592870544,0.5497342444950646,0.7806873977086742,0.642,0.4525139664804469,0.4225696140693698,0.7513227513227515,0.11287370347773032,0.08522114347357065,0.40106007067137817,0.06796116504854369,0.0,0.0,0.0,0.4444444444444444,20.0,False,False,False,False,True,False
Wilson Odobert,0.358974358974359,0.17041581458759372,0.0,0.1782178217821782,0.24285714285714285,0.4,0.2885375494071146,0.0,0.2727272727272727,0.37369069624152806,0.4487510766580534,0.6666666666666667,0.43274531422271223,0.4194214876033058,0.391304347826087,0.1796116504854369,0.0,0.4611111111111111,0.0,0.21066666666666667,0.03214285714285715,0.5611702127659575,0.0,0.12864864864864864,0.4225648213034338,0.4002557544757033,0.577861163227017,0.10478359908883828,0.07528641571194762,0.294,0.19422718808193667,0.1813385442110406,0.6984126984126986,0.3505186089078706,0.3833153541891406,0.8392226148409895,0.41585760517799353,0.45625,0.28600000000000003,0.06164383561643835,0.2222222222222222,20.0,False,False,False,False,True,False
Wouter Burger,0.5128205128205128,0.6680299931833674,0.1102941176470588,0.12871287128712872,0.5285714285714286,0.2633663366336634,0.18972332015810278,0.3333333333333333,0.30303030303030304,0.151879235982748,0.11915015790984783,0.181818181818182,0.12679162072767364,0.14049586776859505,0.08695652173913043,0.08737864077669902,0.0,0.14444444444444446,0.10256410256410256,0.6746666666666667,0.225,0.5585106382978724,0.1732283464566929,0.2908108108108108,0.3770147161878066,0.29923273657289,0.4577861163227018,0.3113135914958239,0.4042553191489362,0.578,0.38370577281191803,0.3138251099169516,0.5026455026455027,0.4713239780353874,0.4099244875943905,0.6042402826855124,0.21521035598705504,0.18749999999999997,0.222,0.226027397260274,0.3333333333333333,20.0,True,False,False,False,False,False
Jaidon Anthony,0.6923076923076923,0.7685753237900477,0.19117647058823528,0.16831683168316833,0.6285714285714286,0.35841584158415846,0.3003952569169961,0.4365436543654366,0.2727272727272727,0.28989525569932223,0.3152454780361757,0.5151515151515152,0.28390297684674753,0.2859504132231405,0.13043478260869568,0.32038834951456313,0.30303030303030304,0.21666666666666667,0.07692307692307691,0.3333333333333333,0.17500000000000002,0.5186170212765957,0.18110236220472442,0.09621621621621622,0.5199719691660828,0.3964194373401534,0.4315196998123827,0.07896735003796508,0.06382978723404255,0.324,0.19115456238361267,0.164142647777235,0.5661375661375664,0.2196461256863941,0.21143473570658033,0.6413427561837456,0.2815533980582524,0.18749999999999997,0.17,0.08904109589041097,0.4074074074074074,20.0,False,False,False,False,True,False
Jaka Bijol,0.38461538461538464,0.4815950920245399,0.03676470588235294,0.039603960396039604,0.5142857142857143,0.14059405940594058,0.11462450592885376,0.20012001200120014,0.1818181818181818,0.2729513247073321,0.28366350846971,0.4545454545454546,0.3302094818081588,0.3243801652892562,0.1739130434782609,0.0,0.0,0.0,0.0,0.296,0.40714285714285714,0.300531914893617,0.5275590551181103,0.8227027027027027,0.07288016818500351,0.11508951406649616,0.7598499061913696,0.4411541381928626,0.513911620294599,0.524,0.36340782122905024,0.33170493404982904,0.6957671957671957,0.11592434411226357,0.06256742179072276,0.2385159010600707,0.008090614886731393,0.0,0.0,0.0,0.4074074074074074,20.0,False,False,False,False,True,False
Florentino,0.5384615384615384,0.556237218813906,0.0,0.0297029702970297,0.45714285714285713,0.10891089108910892,0.03557312252964427,0.0,0.15151515151515152,0.12230437461491066,0.09359747344243466,0.181818181818182,0.09040793825799337,0.0962809917355372,0.08695652173913043,0.06310679611650485,0.0,0.022222222222222223,0.0,0.9893333333333333,0.625,0.5425531914893618,0.47244094488188976,0.2583783783783784,0.4926419060967064,0.4552429667519181,0.5628517823639775,0.15110098709187547,0.16693944353518822,0.47100000000000003,0.3297020484171322,0.3046409379579873,0.7142857142857143,0.18852959121415497,0.1930960086299892,0.6802120141342757,0.07605177993527508,0.024999999999999998,0.091,0.08904109589041097,0.4074074074074074,20.0,False,False,False,False,True,False
Marcos Llorente,0.48717948717948717,0.5807770961145194,0.0,0.07920792079207921,0.3857142857142857,0.14653465346534653,0.09881422924901187,0.0,0.3333333333333333,0.3552064078866297,0.4022394487510767,0.5757575757575759,0.3368246968026461,0.32355371900826446,0.13043478260869568,0.058252427184466014,0.0,0.25,0.20512820512820512,0.6133333333333334,0.17500000000000002,0.5811170212765958,0.06299212598425197,0.23567567567567568,0.2985283812193413,0.3209718670076726,0.6604127579737337,0.058466211085801065,0.06710310965630113,0.435,0.46573556797020477,0.44943820224719105,0.8201058201058201,0.4225137278828554,0.4494786048184106,0.8268551236749117,0.33333333333333337,0.28125,0.22,0.10958904109589042,0.5555555555555556,20.0,False,True,False,False,False,False
Mandela Keita,0.6923076923076923,0.8558282208588958,0.022058823529411763,0.019801980198019802,0.5142857142857143,0.09504950495049505,0.05928853754940712,0.18751875187518752,0.12121212121212122,0.2778804682686383,0.28911857594028134,0.4545454545454546,0.21830209481808158,0.2223140495867769,0.08695652173913043,0.14563106796116504,0.0909090909090909,0.09999999999999999,0.07692307692307691,0.56,0.4714285714285715,0.5172872340425532,0.25984251968503935,0.10054054054054054,0.40014015416958654,0.4987212276214833,0.804878048780488,0.05922551252847381,0.09328968903436988,0.594,0.2553072625698323,0.24826575476306795,0.7910052910052913,0.0957901159243441,0.11938151743976987,0.7332155477031803,0.014563106796116505,0.0,0.0,0.0,0.2962962962962963,20.0,False,False,False,False,False,True
Marc Casadó,0.358974358974359,0.17075664621676892,0.0,0.0891089108910891,0.37142857142857144,0.2,0.0,0.0,0.2727272727272727,0.4494762784966112,0.3617571059431524,0.13636363636363644,0.31036383682469676,0.21404958677685954,0.2608695652173913,0.0,0.0,0.09999999999999999,0.0,0.4053333333333333,0.2285714285714286,0.401595744680851,0.22047244094488191,0.07891891891891892,0.38332165381920114,0.3529411764705882,0.5553470919324578,0.07668944570994685,0.10474631751227495,0.5379999999999999,0.6834264432029795,0.6659501709819248,0.8597883597883599,0.4899328859060402,0.5149226896799711,0.8268551236749117,0.045307443365695796,0.11249999999999999,0.667,0.19178082191780824,0.25925925925925924,20.0,False,True,False,False,False,False
Leopold Querfeld,0.5384615384615384,0.7580095432856169,0.07352941176470588,0.1188118811881188,0.4714285714285714,0.19207920792079208,0.13043478260869568,0.31023102310231027,0.3636363636363636,0.22057917436845348,0.17772035601492964,0.181818181818182,0.2039691289966924,0.21033057851239673,0.08695652173913043,0.0,0.0,0.03888888888888889,0.0,0.4266666666666667,0.4285714285714286,0.2819148936170213,0.6062992125984252,0.7913513513513514,0.21723896285914504,0.23657289002557538,0.6529080675422139,0.48671222475322706,0.6972176759410801,0.6459999999999999,0.2934823091247672,0.25012212994626287,0.5687830687830688,0.1644295302013423,0.08522114347357065,0.21024734982332155,0.02103559870550162,0.0,0.0,0.04794520547945206,0.25925925925925924,20.0,True,False,False,False,False,False
Lorenzo Bernasconi,0.3333333333333333,0.37116564417177916,0.0,0.019801980198019802,0.4714285714285714,0.10297029702970298,0.023715415019762848,0.0,0.12121212121212122,0.17467652495378927,0.24002296870513923,0.8030303030303032,0.21830209481808158,0.293801652892562,0.3043478260869566,0.029126213592233007,0.0,0.12777777777777777,0.15384615384615383,0.408,0.28571428571428575,0.3058510638297872,0.2677165354330709,0.2291891891891892,0.1478626489138052,0.18414322250639384,0.7110694183864917,0.05618830675778284,0.047463175122749585,0.313,0.294413407821229,0.2677088422081094,0.67989417989418,0.25411836485661987,0.2610571736785329,0.7261484098939929,0.5663430420711975,0.6437499999999999,0.295,0.0,0.25925925925925924,20.0,False,False,False,False,False,True
Lutsharel Geertruida,0.46153846153846156,0.4107021131561009,0.0,0.0594059405940594,0.41428571428571426,0.11683168316831682,0.0632411067193676,0.0,0.30303030303030304,0.16820702402957488,0.1515934539190353,0.30303030303030304,0.13891951488423376,0.15082644628099173,0.1739130434782609,0.07766990291262135,0.0,0.08888888888888889,0.0,0.49333333333333335,0.36071428571428577,0.40558510638297873,0.3779527559055118,0.27135135135135136,0.18430273300630692,0.23145780051150894,0.7410881801125704,0.09187547456340167,0.10474631751227495,0.462,0.2858472998137802,0.26761113825109917,0.7301587301587301,0.136058572300183,0.15965480043149946,0.7561837455830389,0.07766990291262137,0.06874999999999999,0.222,0.03424657534246576,0.37037037037037035,20.0,False,False,False,False,True,False
Malang Sarr,0.5897435897435898,0.8333333333333334,0.0,0.039603960396039604,0.4428571428571429,0.14059405940594058,0.05928853754940712,0.0,0.1818181818181818,0.34873690696241527,0.34108527131782945,0.3787878787878788,0.3484013230429989,0.3206611570247934,0.08695652173913043,0.04368932038834951,0.0,0.03333333333333333,0.0,0.4986666666666667,0.8357142857142857,0.6170212765957447,0.6062992125984252,0.4356756756756757,0.16468114926419058,0.25319693094629153,0.8874296435272045,0.18223234624145784,0.2569558101472995,0.607,0.4878026070763501,0.4645823155837812,0.7936507936507937,0.22147651006711408,0.2286947141316073,0.7120141342756184,0.05016181229773463,0.09374999999999999,0.5,0.02054794520547945,0.4074074074074074,20.0,False,False,True,False,False,False
Nnamdi Collins,0.3333333333333333,0.34662576687116564,0.044117647058823525,0.0297029702970297,0.5428571428571429,0.047524752475247525,0.023715415019762848,0.7500750075007501,0.3333333333333333,0.3930991990141713,0.37582543784094175,0.3484848484848486,0.4018743109151048,0.2991735537190083,0.1739130434782609,0.029126213592233007,0.0,0.03333333333333333,0.15384615384615383,0.7520000000000001,0.5357142857142857,0.32579787234042556,0.047244094488188976,0.37081081081081085,0.40224246671338476,0.4833759590792839,0.7711069418386491,0.1366742596810934,0.18657937806873975,0.5760000000000001,0.5186219739292365,0.487542745481192,0.7698412698412698,0.2678462477120195,0.2725638259618842,0.7208480565371025,0.03883495145631068,0.0375,0.25,0.0,0.2222222222222222,20.0,True,False,False,False,False,False
Nicola Zalewski,0.5897435897435898,0.48602590320381733,0.06617647058823528,0.12871287128712872,0.4428571428571429,0.3544554455445545,0.13043478260869568,0.15781578157815782,0.21212121212121213,0.37369069624152806,0.4656904966982487,0.7272727272727274,0.38974641675854466,0.43099173553719006,0.2173913043478261,0.34466019417475724,0.2727272727272727,0.2333333333333333,0.12820512820512822,0.3306666666666667,0.3035714285714286,0.6170212765957447,0.03937007874015748,0.11783783783783784,0.5213735108619482,0.5358056265984654,0.6472795497185742,0.10478359908883828,0.10801963993453355,0.424,0.22541899441340782,0.1800683927699072,0.462962962962963,0.3407565588773642,0.30276878820568137,0.6060070671378092,0.5275080906148867,0.475,0.23199999999999998,0.2876712328767123,0.2962962962962963,20.0,False,False,False,False,False,True
Emile Smith Rowe,0.6923076923076923,0.49352419904567146,0.10294117647058824,0.21782178217821782,0.3857142857142857,0.3326732673267327,0.20158102766798422,0.24992499249924993,0.3939393939393939,0.2778804682686383,0.2704565030146425,0.3636363636363637,0.2684674751929438,0.2334710743801653,0.13043478260869568,0.16019417475728157,0.0,0.10555555555555556,0.0,0.4,0.3678571428571429,0.34175531914893625,0.03937007874015748,0.09081081081081081,0.27189908899789766,0.27109974424552424,0.6041275797373359,0.05694760820045558,0.054009819967266774,0.35,0.31620111731843575,0.31587689301416705,0.8624338624338623,0.3581452104942038,0.4142394822006472,0.9151943462897527,0.09870550161812298,0.03125,0.077,0.0,0.37037037037037035,20.0,False,False,False,False,True,False
Evan Ferguson,0.15384615384615385,0.10088616223585549,0.25735294117647056,0.3069306930693069,0.5571428571428572,0.6198019801980198,0.6877470355731226,0.3333333333333333,0.30303030303030304,0.12045594577942081,0.13695090439276486,0.5303030303030303,0.07442116868798235,0.0962809917355372,0.391304347826087,0.1699029126213592,0.0,0.19444444444444442,0.0,0.18133333333333335,0.04285714285714286,0.16356382978723405,0.09448818897637795,0.024864864864864868,0.4155571128241065,0.23913043478260865,0.2908067542213883,0.3735763097949886,0.18985270049099834,0.22699999999999998,0.09450651769087523,0.07757694186614558,0.4894179894179895,0.16076876143990237,0.1729593671341244,0.7031802120141343,0.0372168284789644,0.075,0.5,0.0,0.2222222222222222,20.0,False,False,False,False,False,True
Gabriel Gudmundsson,0.5641025641025641,0.7351738241308794,0.0,0.039603960396039604,0.4428571428571429,0.12079207920792079,0.03952569169960475,0.0,0.1818181818181818,0.22735674676524956,0.28194085558426646,0.6818181818181819,0.3031973539140022,0.35991735537190084,0.13043478260869568,0.03398058252427185,0.0,0.18888888888888888,0.0,0.5573333333333335,0.3285714285714286,0.4095744680851064,0.1889763779527559,0.30594594594594593,0.536790469516468,0.5818414322250639,0.6923076923076924,0.1161731207289294,0.09983633387888706,0.36,0.22039106145251391,0.17703957010258917,0.4708994708994709,0.16015863331299574,0.13843941028407045,0.5176678445229682,0.4805825242718447,0.4875,0.264,0.02054794520547945,0.4074074074074074,20.0,False,False,False,False,True,False
Ismaël Doukouré,0.38461538461538464,0.5439672801635992,0.0,0.019801980198019802,0.4714285714285714,0.0594059405940594,0.051383399209486175,0.0,0.1818181818181818,0.395871842267406,0.40424921045076084,0.42424242424242437,0.38257993384785,0.3822314049586777,0.1739130434782609,0.04368932038834951,0.0,0.0,0.0,0.19733333333333333,0.35714285714285715,0.46675531914893614,0.4094488188976378,0.3556756756756757,0.11142256482130343,0.1547314578005115,0.75046904315197,0.15413819286256641,0.20621931260229132,0.569,0.5133147113594041,0.5075720566682951,0.8756613756613756,0.0668090298962782,0.07587198849334773,0.590106007067138,0.02103559870550162,0.024999999999999998,0.33299999999999996,0.2054794520547945,0.25925925925925924,20.0,False,False,True,False,False,False
Jack Grealish,0.2564102564102564,0.39229720518064076,0.08088235294117646,0.1188118811881188,0.4857142857142857,0.28316831683168314,0.1739130434782609,0.23072307230723074,0.24242424242424243,0.4639556377079482,0.5311513063451048,0.5909090909090909,0.4625137816979052,0.39090909090909093,0.1739130434782609,0.2669902912621359,0.1818181818181818,0.42777777777777776,0.4358974358974359,0.2746666666666666,0.23571428571428574,0.5398936170212766,0.25984251968503935,0.06594594594594594,0.5858444288717589,0.6035805626598465,0.651031894934334,0.08276385725132879,0.03600654664484452,0.174,0.210707635009311,0.19355153883732296,0.6772486772486771,0.38987187309334964,0.40309241280115066,0.7844522968197881,0.3478964401294498,0.34375,0.256,0.226027397260274,0.5555555555555556,20.0,False,False,False,False,True,False
Matthis Abline,0.5897435897435898,0.6949556918882073,0.15441176470588233,0.27722772277227725,0.39999999999999997,0.601980198019802,0.3241106719367589,0.21182118211821183,0.2727272727272727,0.2024029574861368,0.2962962962962963,0.9242424242424242,0.26019845644983464,0.359504132231405,0.1739130434782609,0.5048543689320388,0.3333333333333333,0.3,0.10256410256410256,0.15466666666666665,0.10357142857142856,0.2393617021276596,0.0,0.03891891891891892,0.5283812193412755,0.3951406649616368,0.4183864915572233,0.1814730447987851,0.19803600654664483,0.47200000000000003,0.054376163873370575,0.03624816805080606,0.32539682539682535,0.1336180597925564,0.12369651204602661,0.5512367491166079,0.19579288025889968,0.13124999999999998,0.17600000000000002,0.027397260273972605,0.25925925925925924,20.0,False,False,True,False,False,False
David Affengruber,0.6666666666666666,0.8428766189502386,0.022058823529411763,0.0297029702970297,0.5,0.08514851485148515,0.047430830039525695,0.21422142214221424,0.1818181818181818,0.4091189155884165,0.40970427792133224,0.4090909090909093,0.47905181918412343,0.4537190082644628,0.08695652173913043,0.014563106796116504,0.0,0.016666666666666666,0.0,0.568,0.5535714285714286,0.5425531914893618,0.6220472440944882,0.585945945945946,0.2578836720392432,0.3516624040920716,0.8461538461538464,0.231586940015186,0.32405891980360063,0.613,0.5045623836126629,0.47357107962872497,0.7671957671957672,0.1757169005491153,0.1348435814455232,0.4363957597173146,0.043689320388349516,0.01875,0.111,0.10273972602739725,0.3333333333333333,20.0,False,True,False,False,False,False
Dan Ballard,0.48717948717948717,0.5685071574642127,0.058823529411764705,0.09900990099009901,0.4714285714285714,0.21584158415841587,0.15019762845849804,0.23072307230723074,0.2727272727272727,0.33826247689463956,0.37927074361182894,0.5606060606060608,0.3715545755237045,0.39545454545454545,0.1739130434782609,0.019417475728155338,0.12121212121212122,0.044444444444444446,0.0,0.3333333333333333,0.3,0.285904255319149,0.7559055118110236,0.8378378378378378,0.16187806587245968,0.21611253196930943,0.7692307692307693,0.5687167805618831,0.7266775777414075,0.579,0.34664804469273736,0.30454323400097705,0.6243386243386242,0.14276998169615618,0.07551240560949297,0.22438162544169618,0.006472491909385114,0.0,0.0,0.08904109589041097,0.4074074074074074,20.0,False,False,False,False,True,False
Cher Ndour,0.5897435897435898,0.47443762781186094,0.10294117647058824,0.12871287128712872,0.5285714285714286,0.2277227722772277,0.15019762845849804,0.37503750375037503,0.3333333333333333,0.16296980899568703,0.14987080103359174,0.3181818181818181,0.061742006615214985,0.06776859504132231,0.08695652173913043,0.0679611650485437,0.0,0.05555555555555556,0.0,0.4133333333333333,0.23928571428571432,0.3816489361702128,0.33858267716535434,0.1762162162162162,0.3104414856341976,0.289002557544757,0.5590994371482176,0.27107061503416857,0.2520458265139116,0.41,0.2547486033519553,0.22774792379091358,0.6428571428571428,0.23886516168395364,0.24559510967277956,0.7190812720848058,0.14724919093851133,0.03125,0.053,0.06849315068493152,0.2222222222222222,20.0,False,False,False,False,False,True
Conrad Harder,0.48717948717948717,0.1496250852079073,0.21323529411764702,0.38613861386138615,0.35714285714285715,0.8138613861386139,0.5019762845849803,0.21422142214221424,0.30303030303030304,0.15403573629081946,0.19150157909847831,0.6515151515151516,0.18577728776185226,0.2528925619834711,0.5217391304347826,0.42718446601941745,0.0,0.1611111111111111,0.25641025641025644,0.22666666666666666,0.21071428571428572,0.1875,0.07874015748031496,0.08432432432432432,0.5213735108619482,0.2966751918158567,0.273921200750469,0.4100227790432802,0.3518821603927987,0.386,0.09413407821229051,0.06565705911089399,0.32539682539682535,0.1064673581452105,0.09996404171161453,0.5353356890459364,0.20550161812297735,0.0625,0.077,0.0,0.18518518518518517,20.0,True,False,False,False,False,False
Patrik Schick,0.46153846153846156,0.516359918200409,0.5294117647058822,0.7623762376237624,0.4285714285714286,0.6435643564356436,0.6047430830039526,0.6666666666666666,0.7272727272727272,0.015403573629081947,0.004019523399368366,0.2272727272727273,0.0005512679162072772,0.04297520661157024,0.13043478260869568,0.17475728155339804,0.15151515151515152,0.049999999999999996,0.12820512820512822,0.07466666666666666,0.05000000000000001,0.039893617021276605,0.07086614173228346,0.1027027027027027,0.1695865451997197,0.10230179028132991,0.3639774859287055,0.36294608959757024,0.45826513911620287,0.564,0.08891992551210427,0.07953102100635076,0.5820105820105821,0.09609517998779742,0.1272923408845739,0.7879858657243816,0.0,0.0,0.0,0.03424657534246576,0.5185185185185185,20.0,True,False,False,False,False,False
Orri Óskarsson,0.2564102564102564,0.11929107021131562,0.7205882352941175,0.6534653465346535,0.9428571428571428,0.5801980198019803,0.8142292490118578,1.0,0.696969696969697,0.0,0.012632787826586282,0.6363636363636366,0.016538037486218304,0.08181818181818182,0.5217391304347826,0.2087378640776699,0.3333333333333333,0.0,0.0,0.168,0.03928571428571429,0.07446808510638299,0.08661417322834646,0.07027027027027027,0.18149964961457604,0.11892583120204604,0.3883677298311445,0.2908124525436598,0.28314238952536824,0.43200000000000005,0.041527001862197384,0.016316560820713248,0.11640211640211637,0.08023184868822453,0.0517799352750809,0.3180212014134276,0.08737864077669903,0.13749999999999998,0.4,0.07534246575342465,0.2222222222222222,20.0,False,True,False,False,False,False
Carney Chukwuemeka,0.46153846153846156,0.14553510565780503,0.14705882352941177,0.18811881188118812,0.5142857142857143,0.3544554455445545,0.0790513833992095,0.3333333333333333,0.3333333333333333,0.37430683918669133,0.4036749928222797,0.5000000000000001,0.314773980154355,0.343801652892562,0.47826086956521735,0.04854368932038835,0.0,0.11111111111111112,0.0,0.52,0.2142857142857143,0.547872340425532,0.07874015748031496,0.05405405405405406,0.6692361597757533,0.6202046035805626,0.5666041275797373,0.1442672741078208,0.09819967266775777,0.28600000000000003,0.2701117318435754,0.24973131411822183,0.7037037037037036,0.463392312385601,0.47680690399137,0.795053003533569,0.016181229773462785,0.0,0.0,0.27397260273972607,0.25925925925925924,20.0,True,False,False,False,False,False
Pavel Sulc,0.4358974358974359,0.37082481254260397,0.463235294117647,0.4752475247524752,0.7142857142857143,0.500990099009901,0.4071146245059289,0.7500750075007501,0.5757575757575757,0.10967344423906346,0.11828883146712604,0.46969696969696967,0.13340683572216097,0.17768595041322313,0.2608695652173913,0.22330097087378642,0.3333333333333333,0.18888888888888888,0.15384615384615383,0.3333333333333333,0.14285714285714288,0.22207446808510642,0.0,0.0681081081081081,0.38121934127540297,0.28005115089514065,0.4146341463414634,0.25664388762338647,0.15057283142389524,0.258,0.11936685288640594,0.09233023937469467,0.4232804232804233,0.18425869432580838,0.15390147428982381,0.5017667844522968,0.13915857605177995,0.10625,0.2,0.11643835616438357,0.37037037037037035,20.0,False,False,True,False,False,False
Rocco Reitz,0.5384615384615384,0.7348329925017042,0.0,0.0891089108910891,0.37142857142857144,0.31683168316831684,0.18972332015810278,0.0,0.15151515151515152,0.22735674676524956,0.2449038185472294,0.5000000000000001,0.24090407938257993,0.26611570247933886,0.13043478260869568,0.13106796116504854,0.0,0.11111111111111112,0.1794871794871795,0.584,0.5964285714285714,0.5372340425531915,0.13385826771653545,0.18054054054054053,0.5227750525578136,0.520460358056266,0.6210131332082551,0.10782080485952925,0.13911620294599017,0.532,0.31014897579143386,0.2555935515388374,0.5132275132275134,0.30170835875533863,0.2488313556274721,0.5247349823321555,0.2815533980582524,0.125,0.11800000000000001,0.23287671232876714,0.2962962962962963,20.0,True,False,False,False,False,False
Rodrigo Mendoza,0.358974358974359,0.2559645535105658,0.05147058823529412,0.1188118811881188,0.4285714285714286,0.24554455445544554,0.11462450592885376,0.17641764176417643,0.30303030303030304,0.31053604436229204,0.30663221360895776,0.3787878787878788,0.31201764057331866,0.27644628099173557,0.2608695652173913,0.21359223300970873,0.0,0.12222222222222222,0.0,0.2773333333333333,0.10357142857142856,0.48537234042553185,0.11811023622047244,0.1027027027027027,0.5494043447792573,0.4347826086956521,0.4540337711069419,0.14730447987851178,0.08346972176759411,0.24100000000000002,0.3540037243947858,0.3258426966292135,0.7116402116402119,0.37675411836485667,0.37001078748651567,0.7208480565371025,0.12944983818770228,0.13749999999999998,0.273,0.5,0.18518518518518517,20.0,False,True,False,False,False,False
Alejandro Grimaldo,0.48717948717948717,0.6966598500340832,0.21323529411764702,0.2376237623762376,0.5714285714285714,0.4237623762376238,0.2964426877470356,0.39993999399939995,0.3333333333333333,0.36444855206407883,0.37668676428366354,0.43939393939393945,0.38533627342888643,0.3590909090909091,0.13043478260869568,0.17475728155339804,0.0,0.23888888888888887,0.1794871794871795,0.43200000000000005,0.24285714285714288,0.5039893617021277,0.14173228346456693,0.2,0.37000700770847933,0.3529411764705882,0.5797373358348968,0.09719058466211086,0.05891980360065466,0.244,0.5248603351955307,0.49174401563263315,0.7645502645502648,0.5585723001830384,0.5796476087738223,0.823321554770318,0.4854368932038835,0.5375,0.28600000000000003,0.2465753424657534,0.5555555555555556,20.0,True,False,False,False,False,False
Chema Andres,0.38461538461538464,0.28152692569870486,0.15441176470588233,0.09900990099009901,0.6571428571428571,0.20396039603960398,0.16205533596837945,0.6000600060006,0.2727272727272727,0.1580406654343808,0.140396210163652,0.28787878787878796,0.11466372657111357,0.13512396694214876,0.2608695652173913,0.0,0.0,0.0,0.0,0.5173333333333333,0.7892857142857144,0.6436170212765958,0.5984251968503937,0.33513513513513515,0.18640504555010512,0.2186700767263427,0.6923076923076924,0.47304479878511774,0.585924713584288,0.5589999999999999,0.38277467411545624,0.3490962383976552,0.6984126984126986,0.30658938377059186,0.329737504494786,0.8021201413427563,0.0,0.0,0.0,0.04794520547945206,0.18518518518518517,20.0,True,False,False,False,False,False
Aleix García,0.5897435897435898,0.7484662576687117,0.07352941176470588,0.07920792079207921,0.5285714285714286,0.2,0.06719367588932808,0.3000300030003,0.24242424242424243,0.5107825015403574,0.4921045076083836,0.3484848484848486,0.3902976846747519,0.30785123966942146,0.08695652173913043,0.0970873786407767,0.0909090909090909,0.16666666666666666,0.1794871794871795,0.19733333333333333,0.275,0.509308510638298,0.10236220472440945,0.11243243243243244,0.0721793973370708,0.08951406649616368,0.6397748592870544,0.03720577069096432,0.05564648117839607,0.5,0.8666666666666666,0.8599902296042989,0.9100529100529102,0.686699206833435,0.752247393024092,0.9151943462897527,0.28317152103559873,0.25,0.231,0.2054794520547945,0.48148148148148145,20.0,True,False,False,False,False,False
Lucas da Cunha,0.6666666666666666,0.7730061349693251,0.14705882352941177,0.21782178217821782,0.4714285714285714,0.26534653465346536,0.2055335968379447,0.438943894389439,0.48484848484848486,0.34873690696241527,0.3129486075222509,0.2727272727272729,0.2750826901874311,0.23677685950413224,0.08695652173913043,0.0970873786407767,0.0,0.12777777777777777,0.07692307692307691,0.4640000000000001,0.21071428571428572,0.6329787234042553,0.023622047244094488,0.06054054054054055,0.32165381920112124,0.2941176470588235,0.5478424015009381,0.08580106302201976,0.0916530278232406,0.425,0.5203910614525139,0.5058133854421105,0.8412698412698413,0.42495424039048196,0.43976986695433296,0.795053003533569,0.21682847896440133,0.26875,0.317,0.08904109589041097,0.3333333333333333,20.0,False,False,False,False,False,True
Afonso Moreira,0.4358974358974359,0.4216087252897069,0.15441176470588233,0.13861386138613863,0.6,0.4158415841584159,0.2885375494071146,0.3000300030003,0.21212121212121213,0.38786198398028343,0.48865920183749645,0.7424242424242425,0.45589856670341783,0.5272727272727273,0.2608695652173913,0.4077669902912621,0.48484848484848486,0.3222222222222222,0.41025641025641024,0.4266666666666667,0.24285714285714288,0.48005319148936165,0.0,0.07351351351351351,0.7077785564120533,0.6406649616368286,0.5497185741088181,0.1457858769931663,0.07692307692307691,0.225,0.1812849162011173,0.15847581827064,0.5899470899470899,0.2690665039658328,0.2722042430780295,0.7155477031802121,0.6019417475728156,0.45625,0.19699999999999998,0.10958904109589042,0.18518518518518517,20.0,False,False,True,False,False,False
Radu Dragusin,0.0,0.011929107021131561,0.0,0.0594059405940594,0.41428571428571426,0.1386138613861386,0.0,0.0,0.24242424242424243,0.17898952556993222,0.1705426356589147,0.3484848484848486,0.1328555678059537,0.1037190082644628,0.47826086956521735,0.0,0.0,0.0,0.0,0.19733333333333333,1.0,0.22739361702127664,0.9606299212598425,0.8691891891891891,0.1079187105816398,0.039641943734015334,0.2851782363977486,0.384206529992407,0.5433715220949263,0.633,0.3052141527001862,0.2511968734733757,0.5105820105820106,0.05369127516778523,0.0,0.0,0.08414239482200649,0.0,0.0,0.0,0.2962962962962963,20.0,False,False,False,False,True,False
